08:27:24.908 UCM on COM4; writing to C:\Dev\jrowe88\ecoport-bridge\captures\rinnai\2026-10-04T082724-heating-cycle-1. Ctrl+C to stop.
08:27:24.926 TX 08 01 00 00 7e cd            Supported? Basic DR
08:27:24.946 RX 06 00                        link ACK
08:27:25.965 TX 08 02 00 00 7a d0            Supported? Intermediate DR
08:27:25.985 RX 06 00                        link ACK
08:27:27.010 TX 08 03 00 00 76 d3            Supported? Data-Link
08:27:27.024 RX 06 00                        link ACK
08:27:28.050 TX 08 03 00 02 18 00 ba 75      Query SGD max payload
08:27:28.066 RX 06 00                        link ACK
08:27:28.271 RX 08 03 00 02 19 05 ad 7c      SGD max payload indicator 0x05
08:27:28.360 TX 06 00                        link reply
08:27:29.096 TX 08 01 00 02 0e 01 e2 58      Outside comm status: good
08:27:29.102 RX 06 00                        link ACK
08:27:29.310 RX 08 01 00 02 03 0e e9 4f      app ACK of opcode 0x0E
08:27:29.390 TX 06 00                        link reply
08:27:30.120 TX 08 01 00 02 12 00 d8 5f      Query operational state
08:27:30.141 RX 06 00                        link ACK
08:27:30.333 RX 08 01 00 02 13 01 d3 62      operational state 1 (Running Normal)
08:27:30.416 TX 06 00                        link reply
08:27:30.541 RX 08 01 00 02 13 01 d3 62      operational state 1 (Running Normal)
08:27:30.618 TX 06 00                        link reply
08:27:31.163 TX 08 02 00 02 01 01 04 43      GetInformation
08:27:31.180 RX 06 00                        link ACK
08:27:31.389 RX 08 02 00 10 01 81 00 41 00 0c 22 00 03 00 04 00 00 00 00 00 14 2e GetInformation reply: response_code=0, cta2045_version=A, vendor_id=0x0C22, device_type=0x0003, device_revision=4, capability_bitmap=0x00000000
08:27:31.474 TX 06 00                        link reply
08:27:32.208 TX 08 02 00 02 06 00 f6 4c      GetCommodityRead
08:27:32.219 RX 06 00                        link ACK
08:27:32.444 RX 08 02 00 2a 06 80 00 00 00 00 00 00 00 f2 00 00 00 00 00 00 06 00 00 00 00 00 00 00 00 00 00 2e eb 07 00 00 00 00 00 00 00 00 00 00 10 6a 79 8c GetCommodityRead reply: electricity consumed (W, Wh)=rate=242 cumulative=0 (estimated), total energy storage capacity (Wh)=rate=0 cumulative=12011 (estimated), present energy storage capacity (Wh)=rate=0 cumulative=4202 (estimated)
08:27:32.522 TX 06 00                        link reply
08:27:39.937 TX 08 01 00 02 0e 01 e2 58      Outside comm status: good
08:27:39.957 RX 06 00                        link ACK
08:27:40.164 RX 08 01 00 02 03 0e e9 4f      app ACK of opcode 0x0E
08:27:40.234 TX 06 00                        link reply
08:27:40.985 TX 08 01 00 02 12 00 d8 5f      Query operational state
08:27:40.996 RX 06 00                        link ACK
08:27:41.204 RX 08 01 00 02 13 01 d3 62      operational state 1 (Running Normal)
08:27:41.295 TX 06 00                        link reply
08:27:42.023 TX 08 02 00 02 06 00 f6 4c      GetCommodityRead
08:27:42.035 RX 06 00                        link ACK
08:27:42.258 RX 08 02 00 2a 06 80 00 00 00 00 00 00 00 f2 00 00 00 00 00 00 06 00 00 00 00 00 00 00 00 00 00 2e eb 07 00 00 00 00 00 00 00 00 00 00 10 6a 79 8c GetCommodityRead reply: electricity consumed (W, Wh)=rate=242 cumulative=0 (estimated), total energy storage capacity (Wh)=rate=0 cumulative=12011 (estimated), present energy storage capacity (Wh)=rate=0 cumulative=4202 (estimated)
08:27:42.335 TX 06 00                        link reply
08:27:49.421 RX 08 01 00 00 7e cd            supported query 08 01
08:27:49.509 TX 06 00                        link reply
08:27:49.724 RX 08 02 00 00 7a d0            supported query 08 02
08:27:49.807 TX 06 00                        link reply
08:27:50.028 RX 08 03 00 00 76 d3            supported query 08 03
08:27:50.119 TX 06 00                        link reply
08:27:50.332 RX 08 03 00 02 18 00 ba 75      max payload query
08:27:50.413 TX 06 00                        link reply
08:27:51.413 TX 08 03 00 02 19 07 a9 7e      Max payload response
08:27:51.435 RX 06 00                        link ACK
08:27:54.943 TX 08 01 00 02 0e 01 e2 58      Outside comm status: good
08:27:54.952 RX 06 00                        link ACK
08:27:55.160 RX 08 01 00 02 03 0e e9 4f      app ACK of opcode 0x0E
08:27:55.239 TX 06 00                        link reply
08:27:55.971 TX 08 01 00 02 12 00 d8 5f      Query operational state
08:27:55.991 RX 06 00                        link ACK
08:27:56.199 RX 08 01 00 02 13 01 d3 62      operational state 1 (Running Normal)
08:27:56.282 TX 06 00                        link reply
08:27:57.011 TX 08 02 00 02 06 00 f6 4c      GetCommodityRead
08:27:57.030 RX 06 00                        link ACK
08:27:57.254 RX 08 02 00 2a 06 80 00 00 00 00 00 00 00 f2 00 00 00 00 00 00 06 00 00 00 00 00 00 00 00 00 00 2e eb 07 00 00 00 00 00 00 00 00 00 00 10 46 c1 68 GetCommodityRead reply: electricity consumed (W, Wh)=rate=242 cumulative=0 (estimated), total energy storage capacity (Wh)=rate=0 cumulative=12011 (estimated), present energy storage capacity (Wh)=rate=0 cumulative=4166 (estimated)
08:27:57.340 TX 06 00                        link reply
08:28:04.463 RX 08 01 00 00 7e cd            supported query 08 01
08:28:04.542 TX 06 00                        link reply
08:28:04.751 RX 08 02 00 00 7a d0            supported query 08 02
08:28:04.838 TX 06 00                        link reply
08:28:05.055 RX 08 03 00 00 76 d3            supported query 08 03
08:28:05.132 TX 06 00                        link reply
08:28:05.343 RX 08 03 00 02 18 00 ba 75      max payload query
08:28:05.427 TX 06 00                        link reply
08:28:06.424 TX 08 03 00 02 19 07 a9 7e      Max payload response
08:28:06.446 RX 06 00                        link ACK
08:28:09.954 TX 08 01 00 02 0e 01 e2 58      Outside comm status: good
08:28:09.963 RX 06 00                        link ACK
08:28:10.170 RX 08 01 00 02 03 0e e9 4f      app ACK of opcode 0x0E
08:28:10.247 TX 06 00                        link reply
08:28:10.981 TX 08 01 00 02 12 00 d8 5f      Query operational state
08:28:11.002 RX 06 00                        link ACK
08:28:11.209 RX 08 01 00 02 13 01 d3 62      operational state 1 (Running Normal)
08:28:11.277 TX 06 00                        link reply
08:28:12.025 TX 08 02 00 02 06 00 f6 4c      GetCommodityRead
08:28:12.041 RX 06 00                        link ACK
08:28:12.265 RX 08 02 00 2a 06 80 00 00 00 00 00 00 00 f2 00 00 00 00 00 00 06 00 00 00 00 00 00 00 00 00 00 2e eb 07 00 00 00 00 00 00 00 00 00 00 10 22 0a 44 GetCommodityRead reply: electricity consumed (W, Wh)=rate=242 cumulative=0 (estimated), total energy storage capacity (Wh)=rate=0 cumulative=12011 (estimated), present energy storage capacity (Wh)=rate=0 cumulative=4130 (estimated)
08:28:12.351 TX 06 00                        link reply
08:28:19.490 RX 08 01 00 00 7e cd            supported query 08 01
08:28:19.574 TX 06 00                        link reply
08:28:19.795 RX 08 02 00 00 7a d0            supported query 08 02
08:28:19.872 TX 06 00                        link reply
08:28:20.082 RX 08 03 00 00 76 d3            supported query 08 03
08:28:20.168 TX 06 00                        link reply
08:28:20.386 RX 08 03 00 02 18 00 ba 75      max payload query
08:28:20.462 TX 06 00                        link reply
08:28:21.470 TX 08 03 00 02 19 07 a9 7e      Max payload response
08:28:21.488 RX 06 00                        link ACK
08:28:24.969 TX 08 01 00 02 0e 01 e2 58      Outside comm status: good
08:28:24.990 RX 06 00                        link ACK
08:28:25.197 RX 08 01 00 02 03 0e e9 4f      app ACK of opcode 0x0E
08:28:25.266 TX 06 00                        link reply
08:28:26.018 TX 08 01 00 02 12 00 d8 5f      Query operational state
08:28:26.029 RX 06 00                        link ACK
08:28:26.236 RX 08 01 00 02 13 01 d3 62      operational state 1 (Running Normal)
08:28:26.315 TX 06 00                        link reply
08:28:27.061 TX 08 02 00 02 06 00 f6 4c      GetCommodityRead
08:28:27.084 RX 06 00                        link ACK
08:28:27.308 RX 08 02 00 2a 06 80 00 00 00 00 00 00 00 f2 00 00 00 00 00 00 06 00 00 00 00 00 00 00 00 00 00 2e eb 07 00 00 00 00 00 00 00 00 00 00 10 46 c1 68 GetCommodityRead reply: electricity consumed (W, Wh)=rate=242 cumulative=0 (estimated), total energy storage capacity (Wh)=rate=0 cumulative=12011 (estimated), present energy storage capacity (Wh)=rate=0 cumulative=4166 (estimated)
08:28:27.390 TX 06 00                        link reply
08:28:34.533 RX 08 01 00 00 7e cd            supported query 08 01
08:28:34.600 TX 06 00                        link reply
08:28:34.821 RX 08 02 00 00 7a d0            supported query 08 02
08:28:34.911 TX 06 00                        link reply
08:28:35.125 RX 08 03 00 00 76 d3            supported query 08 03
08:28:35.208 TX 06 00                        link reply
08:28:35.429 RX 08 03 00 02 18 00 ba 75      max payload query
08:28:35.515 TX 06 00                        link reply
08:28:36.512 TX 08 03 00 02 19 07 a9 7e      Max payload response
08:28:36.531 RX 06 00                        link ACK
08:28:39.984 TX 08 01 00 02 0e 01 e2 58      Outside comm status: good
08:28:40.001 RX 06 00                        link ACK
08:28:40.209 RX 08 01 00 02 03 0e e9 4f      app ACK of opcode 0x0E
08:28:40.294 TX 06 00                        link reply
08:28:41.029 TX 08 01 00 02 12 00 d8 5f      Query operational state
08:28:41.040 RX 06 00                        link ACK
08:28:41.248 RX 08 01 00 02 13 01 d3 62      operational state 1 (Running Normal)
08:28:41.325 TX 06 00                        link reply
08:28:42.070 TX 08 02 00 02 06 00 f6 4c      GetCommodityRead
08:28:42.079 RX 06 00                        link ACK
08:28:42.319 RX 08 02 00 2a 06 80 00 00 00 00 00 00 00 f2 00 00 00 00 00 00 06 00 00 00 00 00 00 00 00 00 00 2e eb 07 00 00 00 00 00 00 00 00 00 00 10 10 2e 32 GetCommodityRead reply: electricity consumed (W, Wh)=rate=242 cumulative=0 (estimated), total energy storage capacity (Wh)=rate=0 cumulative=12011 (estimated), present energy storage capacity (Wh)=rate=0 cumulative=4112 (estimated)
08:28:42.396 TX 06 00                        link reply
08:28:49.560 RX 08 01 00 00 7e cd            supported query 08 01
08:28:49.644 TX 06 00                        link reply
08:28:49.864 RX 08 02 00 00 7a d0            supported query 08 02
08:28:49.942 TX 06 00                        link reply
08:28:50.152 RX 08 03 00 00 76 d3            supported query 08 03
08:28:50.236 TX 06 00                        link reply
08:28:50.455 RX 08 03 00 02 18 00 ba 75      max payload query
08:28:50.532 TX 06 00                        link reply
08:28:51.545 TX 08 03 00 02 19 07 a9 7e      Max payload response
08:28:51.559 RX 06 00                        link ACK
08:28:54.996 TX 08 01 00 02 0e 01 e2 58      Outside comm status: good
08:28:55.012 RX 06 00                        link ACK
08:28:55.219 RX 08 01 00 02 03 0e e9 4f      app ACK of opcode 0x0E
08:28:55.307 TX 06 00                        link reply
08:28:56.029 TX 08 01 00 02 12 00 d8 5f      Query operational state
08:28:56.051 RX 06 00                        link ACK
08:28:56.243 RX 08 01 00 02 13 01 d3 62      operational state 1 (Running Normal)
08:28:56.327 TX 06 00                        link reply
08:28:57.073 TX 08 02 00 02 06 00 f6 4c      GetCommodityRead
08:28:57.090 RX 06 00                        link ACK
08:28:57.314 RX 08 02 00 2a 06 80 00 00 00 00 00 00 00 f2 00 00 00 00 00 00 06 00 00 00 00 00 00 00 00 00 00 2e eb 07 00 00 00 00 00 00 00 00 00 00 10 22 0a 44 GetCommodityRead reply: electricity consumed (W, Wh)=rate=242 cumulative=0 (estimated), total energy storage capacity (Wh)=rate=0 cumulative=12011 (estimated), present energy storage capacity (Wh)=rate=0 cumulative=4130 (estimated)
08:28:57.401 TX 06 00                        link reply
08:29:04.603 RX 08 01 00 00 7e cd            supported query 08 01
08:29:04.676 TX 06 00                        link reply
08:29:04.891 RX 08 02 00 00 7a d0            supported query 08 02
08:29:04.970 TX 06 00                        link reply
08:29:05.195 RX 08 03 00 00 76 d3            supported query 08 03
08:29:05.268 TX 06 00                        link reply
08:29:05.483 RX 08 03 00 02 18 00 ba 75      max payload query
08:29:05.561 TX 06 00                        link reply
08:29:06.574 TX 08 03 00 02 19 07 a9 7e      Max payload response
08:29:06.586 RX 06 00                        link ACK
08:29:09.997 TX 08 01 00 02 0e 01 e2 58      Outside comm status: good
08:29:10.007 RX 06 00                        link ACK
08:29:10.215 RX 08 01 00 02 03 0e e9 4f      app ACK of opcode 0x0E
08:29:10.295 TX 06 00                        link reply
08:29:11.030 TX 08 01 00 02 12 00 d8 5f      Query operational state
08:29:11.046 RX 06 00                        link ACK
08:29:11.254 RX 08 01 00 02 13 01 d3 62      operational state 1 (Running Normal)
08:29:11.339 TX 06 00                        link reply
08:29:12.071 TX 08 02 00 02 06 00 f6 4c      GetCommodityRead
08:29:12.085 RX 06 00                        link ACK
08:29:12.309 RX 08 02 00 2a 06 80 00 00 00 00 00 00 00 f2 00 00 00 00 00 00 06 00 00 00 00 00 00 00 00 00 00 2e eb 07 00 00 00 00 00 00 00 00 00 00 10 10 2e 32 GetCommodityRead reply: electricity consumed (W, Wh)=rate=242 cumulative=0 (estimated), total energy storage capacity (Wh)=rate=0 cumulative=12011 (estimated), present energy storage capacity (Wh)=rate=0 cumulative=4112 (estimated)
08:29:12.400 TX 06 00                        link reply
08:29:19.630 RX 08 01 00 00 7e cd            supported query 08 01
08:29:19.712 TX 06 00                        link reply
08:29:19.934 RX 08 02 00 00 7a d0            supported query 08 02
08:29:20.022 TX 06 00                        link reply
08:29:20.238 RX 08 03 00 00 76 d3            supported query 08 03
08:29:20.317 TX 06 00                        link reply
08:29:20.542 RX 08 03 00 02 18 00 ba 75      max payload query
08:29:20.632 TX 06 00                        link reply
08:29:21.628 TX 08 03 00 02 19 07 a9 7e      Max payload response
08:29:21.645 RX 06 00                        link ACK
08:29:25.002 TX 08 01 00 02 0e 01 e2 58      Outside comm status: good
08:29:25.018 RX 06 00                        link ACK
08:29:25.226 RX 08 01 00 02 03 0e e9 4f      app ACK of opcode 0x0E
08:29:25.311 TX 06 00                        link reply
08:29:26.044 TX 08 01 00 02 12 00 d8 5f      Query operational state
08:29:26.057 RX 06 00                        link ACK
08:29:26.265 RX 08 01 00 02 13 01 d3 62      operational state 1 (Running Normal)
08:29:26.340 TX 06 00                        link reply
08:29:27.087 TX 08 02 00 02 06 00 f6 4c      GetCommodityRead
08:29:27.096 RX 06 00                        link ACK
08:29:27.320 RX 08 02 00 2a 06 80 00 00 00 00 00 00 00 f2 00 00 00 00 00 00 06 00 00 00 00 00 00 00 00 00 00 2e eb 07 00 00 00 00 00 00 00 00 00 00 0f fe 53 1f GetCommodityRead reply: electricity consumed (W, Wh)=rate=242 cumulative=0 (estimated), total energy storage capacity (Wh)=rate=0 cumulative=12011 (estimated), present energy storage capacity (Wh)=rate=0 cumulative=4094 (estimated)
08:29:27.397 TX 06 00                        link reply
08:29:34.658 RX 08 01 00 00 7e cd            supported query 08 01
08:29:34.742 TX 06 00                        link reply
08:29:34.961 RX 08 02 00 00 7a d0            supported query 08 02
08:29:35.053 TX 06 00                        link reply
08:29:35.265 RX 08 03 00 00 76 d3            supported query 08 03
08:29:35.349 TX 06 00                        link reply
08:29:35.569 RX 08 03 00 02 18 00 ba 75      max payload query
08:29:35.646 TX 06 00                        link reply
08:29:36.650 TX 08 03 00 02 19 07 a9 7e      Max payload response
08:29:36.672 RX 06 00                        link ACK
08:29:40.003 TX 08 01 00 02 0e 01 e2 58      Outside comm status: good
08:29:40.013 RX 06 00                        link ACK
08:29:40.221 RX 08 01 00 02 03 0e e9 4f      app ACK of opcode 0x0E
08:29:40.297 TX 06 00                        link reply
08:29:41.040 TX 08 01 00 02 12 00 d8 5f      Query operational state
08:29:41.052 RX 06 00                        link ACK
08:29:41.260 RX 08 01 00 02 13 01 d3 62      operational state 1 (Running Normal)
08:29:41.350 TX 06 00                        link reply
08:29:42.079 TX 08 02 00 02 06 00 f6 4c      GetCommodityRead
08:29:42.091 RX 06 00                        link ACK
08:29:42.315 RX 08 02 00 2a 06 80 00 00 00 00 00 00 00 f2 00 00 00 00 00 00 06 00 00 00 00 00 00 00 00 00 00 2e eb 07 00 00 00 00 00 00 00 00 00 00 0f d9 9d f9 GetCommodityRead reply: electricity consumed (W, Wh)=rate=242 cumulative=0 (estimated), total energy storage capacity (Wh)=rate=0 cumulative=12011 (estimated), present energy storage capacity (Wh)=rate=0 cumulative=4057 (estimated)
08:29:42.394 TX 06 00                        link reply
08:29:49.701 RX 08 01 00 00 7e cd            supported query 08 01
08:29:49.779 TX 06 00                        link reply
08:29:49.988 RX 08 02 00 00 7a d0            supported query 08 02
08:29:50.073 TX 06 00                        link reply
08:29:50.292 RX 08 03 00 00 76 d3            supported query 08 03
08:29:50.369 TX 06 00                        link reply
08:29:50.580 RX 08 03 00 02 18 00 ba 75      max payload query
08:29:50.664 TX 06 00                        link reply
08:29:51.661 TX 08 03 00 02 19 07 a9 7e      Max payload response
08:29:51.683 RX 06 00                        link ACK
08:29:55.007 TX 08 01 00 02 0e 01 e2 58      Outside comm status: good
08:29:55.024 RX 06 00                        link ACK
08:29:55.232 RX 08 01 00 02 03 0e e9 4f      app ACK of opcode 0x0E
08:29:55.318 TX 06 00                        link reply
08:29:56.048 TX 08 01 00 02 12 00 d8 5f      Query operational state
08:29:56.063 RX 06 00                        link ACK
08:29:56.271 RX 08 01 00 02 13 01 d3 62      operational state 1 (Running Normal)
08:29:56.363 TX 06 00                        link reply
08:29:57.093 TX 08 02 00 02 06 00 f6 4c      GetCommodityRead
08:29:57.102 RX 06 00                        link ACK
08:29:57.326 RX 08 02 00 2a 06 80 00 00 00 00 00 00 00 f2 00 00 00 00 00 00 06 00 00 00 00 00 00 00 00 00 00 2e eb 07 00 00 00 00 00 00 00 00 00 00 0f eb 79 0c GetCommodityRead reply: electricity consumed (W, Wh)=rate=242 cumulative=0 (estimated), total energy storage capacity (Wh)=rate=0 cumulative=12011 (estimated), present energy storage capacity (Wh)=rate=0 cumulative=4075 (estimated)
08:29:57.403 TX 06 00                        link reply
08:30:04.744 RX 08 01 00 00 7e cd            supported query 08 01
08:30:04.816 TX 06 00                        link reply
08:30:05.031 RX 08 02 00 00 7a d0            supported query 08 02
08:30:05.112 TX 06 00                        link reply
08:30:05.335 RX 08 03 00 00 76 d3            supported query 08 03
08:30:05.421 TX 06 00                        link reply
08:30:05.639 RX 08 03 00 02 18 00 ba 75      max payload query
08:30:05.721 TX 06 00                        link reply
08:30:06.715 TX 08 03 00 02 19 07 a9 7e      Max payload response
08:30:06.726 RX 06 00                        link ACK
08:30:10.018 TX 08 01 00 02 0e 01 e2 58      Outside comm status: good
08:30:10.035 RX 06 00                        link ACK
08:30:10.243 RX 08 01 00 02 03 0e e9 4f      app ACK of opcode 0x0E
08:30:10.331 TX 06 00                        link reply
08:30:11.061 TX 08 01 00 02 12 00 d8 5f      Query operational state
08:30:11.074 RX 06 00                        link ACK
08:30:11.282 RX 08 01 00 02 13 01 d3 62      operational state 1 (Running Normal)
08:30:11.358 TX 06 00                        link reply
08:30:12.093 TX 08 02 00 02 06 00 f6 4c      GetCommodityRead
08:30:12.113 RX 06 00                        link ACK
08:30:12.337 RX 08 02 00 2a 06 80 00 00 00 00 00 00 00 f2 00 00 00 00 00 00 06 00 00 00 00 00 00 00 00 00 00 2e eb 07 00 00 00 00 00 00 00 00 00 00 0f d9 9d f9 GetCommodityRead reply: electricity consumed (W, Wh)=rate=242 cumulative=0 (estimated), total energy storage capacity (Wh)=rate=0 cumulative=12011 (estimated), present energy storage capacity (Wh)=rate=0 cumulative=4057 (estimated)
08:30:12.421 TX 06 00                        link reply
08:30:19.771 RX 08 01 00 00 7e cd            supported query 08 01
08:30:19.848 TX 06 00                        link reply
08:30:20.058 RX 08 02 00 00 7a d0            supported query 08 02
08:30:20.146 TX 06 00                        link reply
08:30:20.362 RX 08 03 00 00 76 d3            supported query 08 03
08:30:20.444 TX 06 00                        link reply
08:30:20.666 RX 08 03 00 02 18 00 ba 75      max payload query
08:30:20.760 TX 06 00                        link reply
08:30:21.746 TX 08 03 00 02 19 07 a9 7e      Max payload response
08:30:21.769 RX 06 00                        link ACK
08:30:25.034 TX 08 01 00 02 0e 01 e2 58      Outside comm status: good
08:30:25.046 RX 06 00                        link ACK
08:30:25.254 RX 08 01 00 02 03 0e e9 4f      app ACK of opcode 0x0E
08:30:25.344 TX 06 00                        link reply
08:30:26.075 TX 08 01 00 02 12 00 d8 5f      Query operational state
08:30:26.085 RX 06 00                        link ACK
08:30:26.293 RX 08 01 00 02 13 01 d3 62      operational state 1 (Running Normal)
08:30:26.371 TX 06 00                        link reply
08:30:27.103 TX 08 02 00 02 06 00 f6 4c      GetCommodityRead
08:30:27.124 RX 06 00                        link ACK
08:30:27.348 RX 08 02 00 2a 06 80 00 00 00 00 00 00 00 f2 00 00 00 00 00 00 06 00 00 00 00 00 00 00 00 00 00 2e eb 07 00 00 00 00 00 00 00 00 00 00 0f d9 9d f9 GetCommodityRead reply: electricity consumed (W, Wh)=rate=242 cumulative=0 (estimated), total energy storage capacity (Wh)=rate=0 cumulative=12011 (estimated), present energy storage capacity (Wh)=rate=0 cumulative=4057 (estimated)
08:30:27.431 TX 06 00                        link reply
08:30:34.798 RX 08 01 00 00 7e cd            supported query 08 01
08:30:34.877 TX 06 00                        link reply
08:30:35.085 RX 08 02 00 00 7a d0            supported query 08 02
08:30:35.172 TX 06 00                        link reply
08:30:35.389 RX 08 03 00 00 76 d3            supported query 08 03
08:30:35.468 TX 06 00                        link reply
08:30:35.693 RX 08 03 00 02 18 00 ba 75      max payload query
08:30:35.778 TX 06 00                        link reply
08:30:36.776 TX 08 03 00 02 19 07 a9 7e      Max payload response
08:30:36.796 RX 06 00                        link ACK
08:30:40.045 TX 08 01 00 02 0e 01 e2 58      Outside comm status: good
08:30:40.057 RX 06 00                        link ACK
08:30:40.265 RX 08 01 00 02 03 0e e9 4f      app ACK of opcode 0x0E
08:30:40.343 TX 06 00                        link reply
08:30:41.080 TX 08 01 00 02 12 00 d8 5f      Query operational state
08:30:41.096 RX 06 00                        link ACK
08:30:41.304 RX 08 01 00 02 13 01 d3 62      operational state 1 (Running Normal)
08:30:41.392 TX 06 00                        link reply
08:30:42.119 TX 08 02 00 02 06 00 f6 4c      GetCommodityRead
08:30:42.135 RX 06 00                        link ACK
08:30:42.359 RX 08 02 00 2a 06 80 00 00 00 00 00 00 00 f2 00 00 00 00 00 00 06 00 00 00 00 00 00 00 00 00 00 2e eb 07 00 00 00 00 00 00 00 00 00 00 0f b5 e5 d5 GetCommodityRead reply: electricity consumed (W, Wh)=rate=242 cumulative=0 (estimated), total energy storage capacity (Wh)=rate=0 cumulative=12011 (estimated), present energy storage capacity (Wh)=rate=0 cumulative=4021 (estimated)
08:30:42.445 TX 06 00                        link reply
08:30:49.841 RX 08 01 00 00 7e cd            supported query 08 01
08:30:49.931 TX 06 00                        link reply
08:30:50.144 RX 08 02 00 00 7a d0            supported query 08 02
08:30:50.224 TX 06 00                        link reply
08:30:50.448 RX 08 03 00 00 76 d3            supported query 08 03
08:30:50.535 TX 06 00                        link reply
08:30:50.752 RX 08 03 00 02 18 00 ba 75      max payload query
08:30:50.830 TX 06 00                        link reply
08:30:51.843 TX 08 03 00 02 19 07 a9 7e      Max payload response
08:30:51.855 RX 06 00                        link ACK
08:30:55.050 TX 08 01 00 02 0e 01 e2 58      Outside comm status: good
08:30:55.068 RX 06 00                        link ACK
08:30:55.276 RX 08 01 00 02 03 0e e9 4f      app ACK of opcode 0x0E
08:30:55.365 TX 06 00                        link reply
08:30:56.099 TX 08 01 00 02 12 00 d8 5f      Query operational state
08:30:56.107 RX 06 00                        link ACK
08:30:56.315 RX 08 01 00 02 13 01 d3 62      operational state 1 (Running Normal)
08:30:56.395 TX 06 00                        link reply
08:30:57.125 TX 08 02 00 02 06 00 f6 4c      GetCommodityRead
08:30:57.146 RX 06 00                        link ACK
08:30:57.370 RX 08 02 00 2a 06 80 00 00 00 00 00 00 00 f2 00 00 00 00 00 00 06 00 00 00 00 00 00 00 00 00 00 2e eb 07 00 00 00 00 00 00 00 00 00 00 0f b5 e5 d5 GetCommodityRead reply: electricity consumed (W, Wh)=rate=242 cumulative=0 (estimated), total energy storage capacity (Wh)=rate=0 cumulative=12011 (estimated), present energy storage capacity (Wh)=rate=0 cumulative=4021 (estimated)
08:30:57.451 TX 06 00                        link reply
08:31:04.868 RX 08 01 00 00 7e cd            supported query 08 01
08:31:04.945 TX 06 00                        link reply
08:31:05.155 RX 08 02 00 00 7a d0            supported query 08 02
08:31:05.238 TX 06 00                        link reply
08:31:05.459 RX 08 03 00 00 76 d3            supported query 08 03
08:31:05.536 TX 06 00                        link reply
08:31:05.747 RX 08 03 00 02 18 00 ba 75      max payload query
08:31:05.832 TX 06 00                        link reply
08:31:06.824 TX 08 03 00 02 19 07 a9 7e      Max payload response
08:31:06.834 RX 06 00                        link ACK
08:31:10.062 TX 08 01 00 02 0e 01 e2 58      Outside comm status: good
08:31:10.079 RX 06 00                        link ACK
08:31:10.287 RX 08 01 00 02 03 0e e9 4f      app ACK of opcode 0x0E
08:31:10.376 TX 06 00                        link reply
08:31:11.103 TX 08 01 00 02 12 00 d8 5f      Query operational state
08:31:11.118 RX 06 00                        link ACK
08:31:11.326 RX 08 01 00 02 13 01 d3 62      operational state 1 (Running Normal)
08:31:11.402 TX 06 00                        link reply
08:31:12.148 TX 08 02 00 02 06 00 f6 4c      GetCommodityRead
08:31:12.158 RX 06 00                        link ACK
08:31:12.397 RX 08 02 00 2a 06 80 00 00 00 00 00 00 00 f2 00 00 00 00 00 00 06 00 00 00 00 00 00 00 00 00 00 2e eb 07 00 00 00 00 00 00 00 00 00 00 0f a3 0a c3 GetCommodityRead reply: electricity consumed (W, Wh)=rate=242 cumulative=0 (estimated), total energy storage capacity (Wh)=rate=0 cumulative=12011 (estimated), present energy storage capacity (Wh)=rate=0 cumulative=4003 (estimated)
08:31:12.473 TX 06 00                        link reply
08:31:19.911 RX 08 01 00 00 7e cd            supported query 08 01
08:31:19.997 TX 06 00                        link reply
08:31:20.214 RX 08 02 00 00 7a d0            supported query 08 02
08:31:20.293 TX 06 00                        link reply
08:31:20.518 RX 08 03 00 00 76 d3            supported query 08 03
08:31:20.590 TX 06 00                        link reply
08:31:20.806 RX 08 03 00 02 18 00 ba 75      max payload query
08:31:20.887 TX 06 00                        link reply
08:31:21.883 TX 08 03 00 02 19 07 a9 7e      Max payload response
08:31:21.893 RX 06 00                        link ACK
08:31:25.075 TX 08 01 00 02 0e 01 e2 58      Outside comm status: good
08:31:25.090 RX 06 00                        link ACK
08:31:25.298 RX 08 01 00 02 03 0e e9 4f      app ACK of opcode 0x0E
08:31:25.387 TX 06 00                        link reply
08:31:26.117 TX 08 01 00 02 12 00 d8 5f      Query operational state
08:31:26.129 RX 06 00                        link ACK
08:31:26.337 RX 08 01 00 02 13 01 d3 62      operational state 1 (Running Normal)
08:31:26.426 TX 06 00                        link reply
08:31:27.157 TX 08 02 00 02 06 00 f6 4c      GetCommodityRead
08:31:27.168 RX 06 00                        link ACK
08:31:27.392 RX 08 02 00 2a 06 80 00 00 00 00 00 00 00 f2 00 00 00 00 00 00 06 00 00 00 00 00 00 00 00 00 00 2e eb 07 00 00 00 00 00 00 00 00 00 00 0f a3 0a c3 GetCommodityRead reply: electricity consumed (W, Wh)=rate=242 cumulative=0 (estimated), total energy storage capacity (Wh)=rate=0 cumulative=12011 (estimated), present energy storage capacity (Wh)=rate=0 cumulative=4003 (estimated)
08:31:27.484 TX 06 00                        link reply
08:31:34.938 RX 08 01 00 00 7e cd            supported query 08 01
08:31:35.026 TX 06 00                        link reply
08:31:35.241 RX 08 02 00 00 7a d0            supported query 08 02
08:31:35.323 TX 06 00                        link reply
08:31:35.545 RX 08 03 00 00 76 d3            supported query 08 03
08:31:35.631 TX 06 00                        link reply
08:31:35.849 RX 08 03 00 02 18 00 ba 75      max payload query
08:31:35.928 TX 06 00                        link reply
08:31:36.941 TX 08 03 00 02 19 07 a9 7e      Max payload response
08:31:36.952 RX 06 00                        link ACK
08:31:40.088 TX 08 01 00 02 0e 01 e2 58      Outside comm status: good
08:31:40.101 RX 06 00                        link ACK
08:31:40.309 RX 08 01 00 02 03 0e e9 4f      app ACK of opcode 0x0E
08:31:40.385 TX 06 00                        link reply
08:31:41.132 TX 08 01 00 02 12 00 d8 5f      Query operational state
08:31:41.140 RX 06 00                        link ACK
08:31:41.348 RX 08 01 00 02 13 01 d3 62      operational state 1 (Running Normal)
08:31:41.426 TX 06 00                        link reply
08:31:42.159 TX 08 02 00 02 06 00 f6 4c      GetCommodityRead
08:31:42.179 RX 06 00                        link ACK
08:31:42.403 RX 08 02 00 2a 06 80 00 00 00 00 00 00 00 f2 00 00 00 00 00 00 06 00 00 00 00 00 00 00 00 00 00 2e eb 07 00 00 00 00 00 00 00 00 00 00 0f 7f 52 9f GetCommodityRead reply: electricity consumed (W, Wh)=rate=242 cumulative=0 (estimated), total energy storage capacity (Wh)=rate=0 cumulative=12011 (estimated), present energy storage capacity (Wh)=rate=0 cumulative=3967 (estimated)
08:31:42.488 TX 06 00                        link reply
08:31:49.981 RX 08 01 00 00 7e cd            supported query 08 01
08:31:50.066 TX 06 00                        link reply
08:31:50.285 RX 08 02 00 00 7a d0            supported query 08 02
08:31:50.376 TX 06 00                        link reply
08:31:50.589 RX 08 03 00 00 76 d3            supported query 08 03
08:31:50.672 TX 06 00                        link reply
08:31:50.892 RX 08 03 00 02 18 00 ba 75      max payload query
08:31:50.969 TX 06 00                        link reply
08:31:51.981 TX 08 03 00 02 19 07 a9 7e      Max payload response
08:31:51.995 RX 06 00                        link ACK
08:31:55.103 TX 08 01 00 02 0e 01 e2 58      Outside comm status: good
08:31:55.112 RX 06 00                        link ACK
08:31:55.320 RX 08 01 00 02 03 0e e9 4f      app ACK of opcode 0x0E
08:31:55.400 TX 06 00                        link reply
08:31:56.129 TX 08 01 00 02 12 00 d8 5f      Query operational state
08:31:56.152 RX 06 00                        link ACK
08:31:56.344 RX 08 01 00 02 13 01 d3 62      operational state 1 (Running Normal)
08:31:56.425 TX 06 00                        link reply
08:31:57.174 TX 08 02 00 02 06 00 f6 4c      GetCommodityRead
08:31:57.191 RX 06 00                        link ACK
08:31:57.415 RX 08 02 00 2a 06 80 00 00 00 00 00 00 00 f2 00 00 00 00 00 00 06 00 00 00 00 00 00 00 00 00 00 2e eb 07 00 00 00 00 00 00 00 00 00 00 0f 7f 52 9f GetCommodityRead reply: electricity consumed (W, Wh)=rate=242 cumulative=0 (estimated), total energy storage capacity (Wh)=rate=0 cumulative=12011 (estimated), present energy storage capacity (Wh)=rate=0 cumulative=3967 (estimated)
08:31:57.499 TX 06 00                        link reply
08:32:05.008 RX 08 01 00 00 7e cd            supported query 08 01
08:32:05.095 TX 06 00                        link reply
08:32:05.312 RX 08 02 00 00 7a d0            supported query 08 02
08:32:05.392 TX 06 00                        link reply
08:32:05.616 RX 08 03 00 00 76 d3            supported query 08 03
08:32:05.701 TX 06 00                        link reply
08:32:05.919 RX 08 03 00 02 18 00 ba 75      max payload query
08:32:05.999 TX 06 00                        link reply
08:32:06.997 TX 08 03 00 02 19 07 a9 7e      Max payload response
08:32:07.007 RX 06 00                        link ACK
08:32:10.107 TX 08 01 00 02 0e 01 e2 58      Outside comm status: good
08:32:10.124 RX 06 00                        link ACK
08:32:10.332 RX 08 01 00 02 03 0e e9 4f      app ACK of opcode 0x0E
08:32:10.419 TX 06 00                        link reply
08:32:11.146 TX 08 01 00 02 12 00 d8 5f      Query operational state
08:32:11.163 RX 06 00                        link ACK
08:32:11.371 RX 08 01 00 02 13 01 d3 62      operational state 1 (Running Normal)
08:32:11.456 TX 06 00                        link reply
08:32:12.184 TX 08 02 00 02 06 00 f6 4c      GetCommodityRead
08:32:12.202 RX 06 00                        link ACK
08:32:12.427 RX 08 02 00 2a 06 80 00 00 00 00 00 00 00 f2 00 00 00 00 00 00 06 00 00 00 00 00 00 00 00 00 00 2e eb 07 00 00 00 00 00 00 00 00 00 00 0f 6d 76 8d GetCommodityRead reply: electricity consumed (W, Wh)=rate=242 cumulative=0 (estimated), total energy storage capacity (Wh)=rate=0 cumulative=12011 (estimated), present energy storage capacity (Wh)=rate=0 cumulative=3949 (estimated)
08:32:12.510 TX 06 00                        link reply
08:32:20.036 RX 08 01 00 00 7e cd            supported query 08 01
08:32:20.122 TX 06 00                        link reply
08:32:20.339 RX 08 02 00 00 7a d0            supported query 08 02
08:32:20.419 TX 06 00                        link reply
08:32:20.643 RX 08 03 00 00 76 d3            supported query 08 03
08:32:20.727 TX 06 00                        link reply
08:32:20.947 RX 08 03 00 02 18 00 ba 75      max payload query
08:32:21.039 TX 06 00                        link reply
08:32:22.029 TX 08 03 00 02 19 07 a9 7e      Max payload response
08:32:22.050 RX 06 00                        link ACK
08:32:25.122 TX 08 01 00 02 0e 01 e2 58      Outside comm status: good
08:32:25.135 RX 06 00                        link ACK
08:32:25.343 RX 08 01 00 02 03 0e e9 4f      app ACK of opcode 0x0E
08:32:25.435 TX 06 00                        link reply
08:32:26.162 TX 08 01 00 02 12 00 d8 5f      Query operational state
08:32:26.174 RX 06 00                        link ACK
08:32:26.382 RX 08 01 00 02 13 01 d3 62      operational state 1 (Running Normal)
08:32:26.459 TX 06 00                        link reply
08:32:27.205 TX 08 02 00 02 06 00 f6 4c      GetCommodityRead
08:32:27.214 RX 06 00                        link ACK
08:32:27.454 RX 08 02 00 2a 06 80 00 00 00 00 00 00 00 f2 00 00 00 00 00 00 06 00 00 00 00 00 00 00 00 00 00 2e eb 07 00 00 00 00 00 00 00 00 00 00 0f 5b 9a 7b GetCommodityRead reply: electricity consumed (W, Wh)=rate=242 cumulative=0 (estimated), total energy storage capacity (Wh)=rate=0 cumulative=12011 (estimated), present energy storage capacity (Wh)=rate=0 cumulative=3931 (estimated)
08:32:27.530 TX 06 00                        link reply
08:32:35.079 RX 08 01 00 00 7e cd            supported query 08 01
08:32:35.163 TX 06 00                        link reply
08:32:35.382 RX 08 02 00 00 7a d0            supported query 08 02
08:32:35.460 TX 06 00                        link reply
08:32:35.670 RX 08 03 00 00 76 d3            supported query 08 03
08:32:35.755 TX 06 00                        link reply
08:32:35.974 RX 08 03 00 02 18 00 ba 75      max payload query
08:32:36.065 TX 06 00                        link reply
08:32:37.059 TX 08 03 00 02 19 07 a9 7e      Max payload response
08:32:37.077 RX 06 00                        link ACK
08:32:40.125 TX 08 01 00 02 0e 01 e2 58      Outside comm status: good
08:32:40.146 RX 06 00                        link ACK
08:32:40.338 RX 08 01 00 02 03 0e e9 4f      app ACK of opcode 0x0E
08:32:40.419 TX 06 00                        link reply
08:32:41.166 TX 08 01 00 02 12 00 d8 5f      Query operational state
08:32:41.185 RX 06 00                        link ACK
08:32:41.393 RX 08 01 00 02 13 01 d3 62      operational state 1 (Running Normal)
08:32:41.478 TX 06 00                        link reply
08:32:42.214 TX 08 02 00 02 06 00 f6 4c      GetCommodityRead
08:32:42.225 RX 06 00                        link ACK
08:32:42.449 RX 08 02 00 2a 06 80 00 00 00 00 00 00 00 f2 00 00 00 00 00 00 06 00 00 00 00 00 00 00 00 00 00 2e eb 07 00 00 00 00 00 00 00 00 00 00 0f 5b 9a 7b GetCommodityRead reply: electricity consumed (W, Wh)=rate=242 cumulative=0 (estimated), total energy storage capacity (Wh)=rate=0 cumulative=12011 (estimated), present energy storage capacity (Wh)=rate=0 cumulative=3931 (estimated)
08:32:42.540 TX 06 00                        link reply
08:32:50.106 RX 08 01 00 00 7e cd            supported query 08 01
08:32:50.186 TX 06 00                        link reply
08:32:50.410 RX 08 02 00 00 7a d0            supported query 08 02
08:32:50.496 TX 06 00                        link reply
08:32:50.713 RX 08 03 00 00 76 d3            supported query 08 03
08:32:50.793 TX 06 00                        link reply
08:32:51.017 RX 08 03 00 02 18 00 ba 75      max payload query
08:32:51.101 TX 06 00                        link reply
08:32:52.097 TX 08 03 00 02 19 07 a9 7e      Max payload response
08:32:52.120 RX 06 00                        link ACK
08:32:55.135 TX 08 01 00 02 0e 01 e2 58      Outside comm status: good
08:32:55.158 RX 06 00                        link ACK
08:32:55.350 RX 08 01 00 02 03 0e e9 4f      app ACK of opcode 0x0E
08:32:55.430 TX 06 00                        link reply
08:32:56.158 TX 08 01 00 02 12 00 d8 5f      Query operational state
08:32:56.181 RX 06 00                        link ACK
08:32:56.373 RX 08 01 00 02 13 01 d3 62      operational state 1 (Running Normal)
08:32:56.455 TX 06 00                        link reply
08:32:57.208 TX 08 02 00 02 06 00 f6 4c      GetCommodityRead
08:32:57.220 RX 06 00                        link ACK
08:32:57.445 RX 08 02 00 2a 06 80 00 00 00 00 00 00 00 f2 00 00 00 00 00 00 06 00 00 00 00 00 00 00 00 00 00 2e eb 07 00 00 00 00 00 00 00 00 00 00 0f 49 be 69 GetCommodityRead reply: electricity consumed (W, Wh)=rate=242 cumulative=0 (estimated), total energy storage capacity (Wh)=rate=0 cumulative=12011 (estimated), present energy storage capacity (Wh)=rate=0 cumulative=3913 (estimated)
08:32:57.530 TX 06 00                        link reply
08:33:05.150 RX 08 01 00 00 7e cd            supported query 08 01
08:33:05.228 TX 06 00                        link reply
08:33:05.436 RX 08 02 00 00 7a d0            supported query 08 02
08:33:05.521 TX 06 00                        link reply
08:33:05.740 RX 08 03 00 00 76 d3            supported query 08 03
08:33:05.830 TX 06 00                        link reply
08:33:06.044 RX 08 03 00 02 18 00 ba 75      max payload query
08:33:06.126 TX 06 00                        link reply
08:33:07.124 TX 08 03 00 02 19 07 a9 7e      Max payload response
08:33:07.131 RX 06 00                        link ACK
08:33:10.146 TX 08 01 00 02 0e 01 e2 58      Outside comm status: good
08:33:10.168 RX 06 00                        link ACK
08:33:10.360 RX 08 01 00 02 03 0e e9 4f      app ACK of opcode 0x0E
08:33:10.445 TX 06 00                        link reply
08:33:11.190 TX 08 01 00 02 12 00 d8 5f      Query operational state
08:33:11.208 RX 06 00                        link ACK
08:33:11.415 RX 08 01 00 02 13 01 d3 62      operational state 1 (Running Normal)
08:33:11.502 TX 06 00                        link reply
08:33:12.235 TX 08 02 00 02 06 00 f6 4c      GetCommodityRead
08:33:12.247 RX 06 00                        link ACK
08:33:12.470 RX 08 02 00 2a 06 80 00 00 00 00 00 00 00 f2 00 00 00 00 00 00 06 00 00 00 00 00 00 00 00 00 00 2e eb 07 00 00 00 00 00 00 00 00 00 00 0f 37 e2 57 GetCommodityRead reply: electricity consumed (W, Wh)=rate=242 cumulative=0 (estimated), total energy storage capacity (Wh)=rate=0 cumulative=12011 (estimated), present energy storage capacity (Wh)=rate=0 cumulative=3895 (estimated)
08:33:12.562 TX 06 00                        link reply
08:33:20.175 RX 08 01 00 00 7e cd            supported query 08 01
08:33:20.259 TX 06 00                        link reply
08:33:20.479 RX 08 02 00 00 7a d0            supported query 08 02
08:33:20.557 TX 06 00                        link reply
08:33:20.767 RX 08 03 00 00 76 d3            supported query 08 03
08:33:20.852 TX 06 00                        link reply
08:33:21.070 RX 08 03 00 02 18 00 ba 75      max payload query
08:33:21.161 TX 06 00                        link reply
08:33:22.160 TX 08 03 00 02 19 07 a9 7e      Max payload response
08:33:22.174 RX 06 00                        link ACK
08:33:25.156 TX 08 01 00 02 0e 01 e2 58      Outside comm status: good
08:33:25.179 RX 06 00                        link ACK
08:33:25.371 RX 08 01 00 02 03 0e e9 4f      app ACK of opcode 0x0E
08:33:25.450 TX 06 00                        link reply
08:33:26.186 TX 08 01 00 02 12 00 d8 5f      Query operational state
08:33:26.202 RX 06 00                        link ACK
08:33:26.410 RX 08 01 00 02 13 01 d3 62      operational state 1 (Running Normal)
08:33:26.493 TX 06 00                        link reply
08:33:27.229 TX 08 02 00 02 06 00 f6 4c      GetCommodityRead
08:33:27.241 RX 06 00                        link ACK
08:33:27.467 RX 08 02 00 2a 06 80 00 00 00 00 00 00 00 f2 00 00 00 00 00 00 06 00 00 00 00 00 00 00 00 00 00 2e eb 07 00 00 00 00 00 00 00 00 00 00 0f 25 07 45 GetCommodityRead reply: electricity consumed (W, Wh)=rate=242 cumulative=0 (estimated), total energy storage capacity (Wh)=rate=0 cumulative=12011 (estimated), present energy storage capacity (Wh)=rate=0 cumulative=3877 (estimated)
08:33:27.555 TX 06 00                        link reply
08:33:35.218 RX 08 01 00 00 7e cd            supported query 08 01
08:33:35.304 TX 06 00                        link reply
08:33:35.522 RX 08 02 00 00 7a d0            supported query 08 02
08:33:35.598 TX 06 00                        link reply
08:33:35.810 RX 08 03 00 00 76 d3            supported query 08 03
08:33:35.893 TX 06 00                        link reply
08:33:36.114 RX 08 03 00 02 18 00 ba 75      max payload query
08:33:36.204 TX 06 00                        link reply
08:33:37.201 TX 08 03 00 02 19 07 a9 7e      Max payload response
08:33:37.216 RX 06 00                        link ACK
08:33:40.171 TX 08 01 00 02 0e 01 e2 58      Outside comm status: good
08:33:40.190 RX 06 00                        link ACK
08:33:40.398 RX 08 01 00 02 03 0e e9 4f      app ACK of opcode 0x0E
08:33:40.481 TX 06 00                        link reply
08:33:41.213 TX 08 01 00 02 12 00 d8 5f      Query operational state
08:33:41.229 RX 06 00                        link ACK
08:33:41.437 RX 08 01 00 02 13 01 d3 62      operational state 1 (Running Normal)
08:33:41.527 TX 06 00                        link reply
08:33:42.260 TX 08 02 00 02 06 00 f6 4c      GetCommodityRead
08:33:42.268 RX 06 00                        link ACK
08:33:42.508 RX 08 02 00 2a 06 80 00 00 00 00 00 00 00 f2 00 00 00 00 00 00 06 00 00 00 00 00 00 00 00 00 00 2e eb 07 00 00 00 00 00 00 00 00 00 00 0f 25 07 45 GetCommodityRead reply: electricity consumed (W, Wh)=rate=242 cumulative=0 (estimated), total energy storage capacity (Wh)=rate=0 cumulative=12011 (estimated), present energy storage capacity (Wh)=rate=0 cumulative=3877 (estimated)
08:33:42.587 TX 06 00                        link reply
08:33:50.245 RX 08 01 00 00 7e cd            supported query 08 01
08:33:50.334 TX 06 00                        link reply
08:33:50.549 RX 08 02 00 00 7a d0            supported query 08 02
08:33:50.632 TX 06 00                        link reply
08:33:50.853 RX 08 03 00 00 76 d3            supported query 08 03
08:33:50.945 TX 06 00                        link reply
08:33:51.157 RX 08 03 00 02 18 00 ba 75      max payload query
08:33:51.240 TX 06 00                        link reply
08:33:52.246 TX 08 03 00 02 19 07 a9 7e      Max payload response
08:33:52.259 RX 06 00                        link ACK
08:33:55.172 TX 08 01 00 02 0e 01 e2 58      Outside comm status: good
08:33:55.185 RX 06 00                        link ACK
08:33:55.393 RX 08 01 00 02 03 0e e9 4f      app ACK of opcode 0x0E
08:33:55.482 TX 06 00                        link reply
08:33:56.214 TX 08 01 00 02 12 00 d8 5f      Query operational state
08:33:56.224 RX 06 00                        link ACK
08:33:56.432 RX 08 01 00 02 13 01 d3 62      operational state 1 (Running Normal)
08:33:56.511 TX 06 00                        link reply
08:33:57.242 TX 08 02 00 02 06 00 f6 4c      GetCommodityRead
08:33:57.263 RX 06 00                        link ACK
08:33:57.487 RX 08 02 00 2a 06 80 00 00 00 00 00 00 00 f2 00 00 00 00 00 00 06 00 00 00 00 00 00 00 00 00 00 2e eb 07 00 00 00 00 00 00 00 00 00 00 0f 25 07 45 GetCommodityRead reply: electricity consumed (W, Wh)=rate=242 cumulative=0 (estimated), total energy storage capacity (Wh)=rate=0 cumulative=12011 (estimated), present energy storage capacity (Wh)=rate=0 cumulative=3877 (estimated)
08:33:57.570 TX 06 00                        link reply
08:34:05.272 RX 08 01 00 00 7e cd            supported query 08 01
08:34:05.353 TX 06 00                        link reply
08:34:05.576 RX 08 02 00 00 7a d0            supported query 08 02
08:34:05.662 TX 06 00                        link reply
08:34:05.881 RX 08 03 00 00 76 d3            supported query 08 03
08:34:05.972 TX 06 00                        link reply
08:34:06.184 RX 08 03 00 02 18 00 ba 75      max payload query
08:34:06.269 TX 06 00                        link reply
08:34:07.260 TX 08 03 00 02 19 07 a9 7e      Max payload response
08:34:07.271 RX 06 00                        link ACK
08:34:10.172 TX 08 01 00 02 0e 01 e2 58      Outside comm status: good
08:34:10.196 RX 06 00                        link ACK
08:34:10.388 RX 08 01 00 02 03 0e e9 4f      app ACK of opcode 0x0E
08:34:10.469 TX 06 00                        link reply
08:34:11.214 TX 08 01 00 02 12 00 d8 5f      Query operational state
08:34:11.235 RX 06 00                        link ACK
08:34:11.427 RX 08 01 00 02 13 01 d3 62      operational state 1 (Running Normal)
08:34:11.510 TX 06 00                        link reply
08:34:12.257 TX 08 02 00 02 06 00 f6 4c      GetCommodityRead
08:34:12.274 RX 06 00                        link ACK
08:34:12.498 RX 08 02 00 2a 06 80 00 00 00 00 00 00 00 f2 00 00 00 00 00 00 06 00 00 00 00 00 00 00 00 00 00 2e eb 07 00 00 00 00 00 00 00 00 00 00 0f 25 07 45 GetCommodityRead reply: electricity consumed (W, Wh)=rate=242 cumulative=0 (estimated), total energy storage capacity (Wh)=rate=0 cumulative=12011 (estimated), present energy storage capacity (Wh)=rate=0 cumulative=3877 (estimated)
08:34:12.584 TX 06 00                        link reply
08:34:20.315 RX 08 01 00 00 7e cd            supported query 08 01
08:34:20.406 TX 06 00                        link reply
08:34:20.619 RX 08 02 00 00 7a d0            supported query 08 02
08:34:20.699 TX 06 00                        link reply
08:34:20.922 RX 08 03 00 00 76 d3            supported query 08 03
08:34:21.012 TX 06 00                        link reply
08:34:21.227 RX 08 03 00 02 18 00 ba 75      max payload query
08:34:21.310 TX 06 00                        link reply
08:34:22.319 TX 08 03 00 02 19 07 a9 7e      Max payload response
08:34:22.330 RX 06 00                        link ACK
08:34:25.186 TX 08 01 00 02 0e 01 e2 58      Outside comm status: good
08:34:25.207 RX 06 00                        link ACK
08:34:25.401 RX 08 01 00 02 03 0e e9 4f      app ACK of opcode 0x0E
08:34:25.479 TX 06 00                        link reply
08:34:26.238 TX 08 01 00 02 12 00 d8 5f      Query operational state
08:34:26.246 RX 06 00                        link ACK
08:34:26.454 RX 08 01 00 02 13 01 d3 62      operational state 1 (Running Normal)
08:34:26.538 TX 06 00                        link reply
08:34:27.266 TX 08 02 00 02 06 00 f6 4c      GetCommodityRead
08:34:27.285 RX 06 00                        link ACK
08:34:27.510 RX 08 02 00 2a 06 80 00 00 00 00 00 00 00 f2 00 00 00 00 00 00 06 00 00 00 00 00 00 00 00 00 00 2e eb 07 00 00 00 00 00 00 00 00 00 00 0f 01 4f 21 GetCommodityRead reply: electricity consumed (W, Wh)=rate=242 cumulative=0 (estimated), total energy storage capacity (Wh)=rate=0 cumulative=12011 (estimated), present energy storage capacity (Wh)=rate=0 cumulative=3841 (estimated)
08:34:27.592 TX 06 00                        link reply
08:34:35.342 RX 08 01 00 00 7e cd            supported query 08 01
08:34:35.425 TX 06 00                        link reply
08:34:35.646 RX 08 02 00 00 7a d0            supported query 08 02
08:34:35.738 TX 06 00                        link reply
08:34:35.950 RX 08 03 00 00 76 d3            supported query 08 03
08:34:36.034 TX 06 00                        link reply
08:34:36.253 RX 08 03 00 02 18 00 ba 75      max payload query
08:34:36.329 TX 06 00                        link reply
08:34:37.339 TX 08 03 00 02 19 07 a9 7e      Max payload response
08:34:37.356 RX 06 00                        link ACK
08:34:40.198 TX 08 01 00 02 0e 01 e2 58      Outside comm status: good
08:34:40.218 RX 06 00                        link ACK
08:34:40.426 RX 08 01 00 02 03 0e e9 4f      app ACK of opcode 0x0E
08:34:40.506 TX 06 00                        link reply
08:34:41.238 TX 08 01 00 02 12 00 d8 5f      Query operational state
08:34:41.257 RX 06 00                        link ACK
08:34:41.465 RX 08 01 00 02 13 01 d3 62      operational state 1 (Running Normal)
08:34:41.549 TX 06 00                        link reply
08:34:42.281 TX 08 02 00 02 06 00 f6 4c      GetCommodityRead
08:34:42.296 RX 06 00                        link ACK
08:34:42.520 RX 08 02 00 2a 06 80 00 00 00 00 00 00 00 f2 00 00 00 00 00 00 06 00 00 00 00 00 00 00 00 00 00 2e eb 07 00 00 00 00 00 00 00 00 00 00 0f 13 2b 33 GetCommodityRead reply: electricity consumed (W, Wh)=rate=242 cumulative=0 (estimated), total energy storage capacity (Wh)=rate=0 cumulative=12011 (estimated), present energy storage capacity (Wh)=rate=0 cumulative=3859 (estimated)
08:34:42.608 TX 06 00                        link reply
08:34:50.385 RX 08 01 00 00 7e cd            supported query 08 01
08:34:50.471 TX 06 00                        link reply
08:34:50.689 RX 08 02 00 00 7a d0            supported query 08 02
08:34:50.768 TX 06 00                        link reply
08:34:50.977 RX 08 03 00 00 76 d3            supported query 08 03
08:34:51.063 TX 06 00                        link reply
08:34:51.280 RX 08 03 00 02 18 00 ba 75      max payload query
08:34:51.372 TX 06 00                        link reply
08:34:52.367 TX 08 03 00 02 19 07 a9 7e      Max payload response
08:34:52.383 RX 06 00                        link ACK
08:34:55.217 TX 08 01 00 02 0e 01 e2 58      Outside comm status: good
08:34:55.229 RX 06 00                        link ACK
08:34:55.437 RX 08 01 00 02 03 0e e9 4f      app ACK of opcode 0x0E
08:34:55.524 TX 06 00                        link reply
08:34:56.253 TX 08 01 00 02 12 00 d8 5f      Query operational state
08:34:56.268 RX 06 00                        link ACK
08:34:56.476 RX 08 01 00 02 13 01 d3 62      operational state 1 (Running Normal)
08:34:56.563 TX 06 00                        link reply
08:34:57.298 TX 08 02 00 02 06 00 f6 4c      GetCommodityRead
08:34:57.307 RX 06 00                        link ACK
08:34:57.547 RX 08 02 00 2a 06 80 00 00 00 00 00 00 00 f2 00 00 00 00 00 00 06 00 00 00 00 00 00 00 00 00 00 2e eb 07 00 00 00 00 00 00 00 00 00 00 0f 13 2b 33 GetCommodityRead reply: electricity consumed (W, Wh)=rate=242 cumulative=0 (estimated), total energy storage capacity (Wh)=rate=0 cumulative=12011 (estimated), present energy storage capacity (Wh)=rate=0 cumulative=3859 (estimated)
08:34:57.626 TX 06 00                        link reply
08:35:05.412 RX 08 01 00 00 7e cd            supported query 08 01
08:35:05.499 TX 06 00                        link reply
08:35:05.716 RX 08 02 00 00 7a d0            supported query 08 02
08:35:05.794 TX 06 00                        link reply
08:35:06.019 RX 08 03 00 00 76 d3            supported query 08 03
08:35:06.091 TX 06 00                        link reply
08:35:06.308 RX 08 03 00 02 18 00 ba 75      max payload query
08:35:06.386 TX 06 00                        link reply
08:35:07.396 TX 08 03 00 02 19 07 a9 7e      Max payload response
08:35:07.410 RX 06 00                        link ACK
08:35:10.221 TX 08 01 00 02 0e 01 e2 58      Outside comm status: good
08:35:10.240 RX 06 00                        link ACK
08:35:10.448 RX 08 01 00 02 03 0e e9 4f      app ACK of opcode 0x0E
08:35:10.530 TX 06 00                        link reply
08:35:11.257 TX 08 01 00 02 12 00 d8 5f      Query operational state
08:35:11.279 RX 06 00                        link ACK
08:35:11.471 RX 08 01 00 02 13 01 d3 62      operational state 1 (Running Normal)
08:35:11.553 TX 06 00                        link reply
08:35:12.305 TX 08 02 00 02 06 00 f6 4c      GetCommodityRead
08:35:12.318 RX 06 00                        link ACK
08:35:12.542 RX 08 02 00 2a 06 80 00 00 00 00 00 00 00 f2 00 00 00 00 00 00 06 00 00 00 00 00 00 00 00 00 00 2e eb 07 00 00 00 00 00 00 00 00 00 00 0f 01 4f 21 GetCommodityRead reply: electricity consumed (W, Wh)=rate=242 cumulative=0 (estimated), total energy storage capacity (Wh)=rate=0 cumulative=12011 (estimated), present energy storage capacity (Wh)=rate=0 cumulative=3841 (estimated)
08:35:12.634 TX 06 00                        link reply
08:35:20.455 RX 08 01 00 00 7e cd            supported query 08 01
08:35:20.537 TX 06 00                        link reply
08:35:20.759 RX 08 02 00 00 7a d0            supported query 08 02
08:35:20.849 TX 06 00                        link reply
08:35:21.063 RX 08 03 00 00 76 d3            supported query 08 03
08:35:21.143 TX 06 00                        link reply
08:35:21.367 RX 08 03 00 02 18 00 ba 75      max payload query
08:35:21.453 TX 06 00                        link reply
08:35:22.450 TX 08 03 00 02 19 07 a9 7e      Max payload response
08:35:22.470 RX 06 00                        link ACK
08:35:25.228 TX 08 01 00 02 0e 01 e2 58      Outside comm status: good
08:35:25.251 RX 06 00                        link ACK
08:35:25.443 RX 08 01 00 02 03 0e e9 4f      app ACK of opcode 0x0E
08:35:25.525 TX 06 00                        link reply
08:35:26.271 TX 08 01 00 02 12 00 d8 5f      Query operational state
08:35:26.290 RX 06 00                        link ACK
08:35:26.498 RX 08 01 00 02 13 01 d3 62      operational state 1 (Running Normal)
08:35:26.584 TX 06 00                        link reply
08:35:27.311 TX 08 02 00 02 06 00 f6 4c      GetCommodityRead
08:35:27.330 RX 06 00                        link ACK
08:35:27.553 RX 08 02 00 2a 06 80 00 00 00 00 00 00 00 f2 00 00 00 00 00 00 06 00 00 00 00 00 00 00 00 00 00 2e eb 07 00 00 00 00 00 00 00 00 00 00 0e ef 74 0e GetCommodityRead reply: electricity consumed (W, Wh)=rate=242 cumulative=0 (estimated), total energy storage capacity (Wh)=rate=0 cumulative=12011 (estimated), present energy storage capacity (Wh)=rate=0 cumulative=3823 (estimated)
08:35:27.637 TX 06 00                        link reply
08:35:35.484 RX 08 01 00 00 7e cd            supported query 08 01
08:35:35.568 TX 06 00                        link reply
08:35:35.786 RX 08 02 00 00 7a d0            supported query 08 02
08:35:35.866 TX 06 00                        link reply
08:35:36.090 RX 08 03 00 00 76 d3            supported query 08 03
08:35:36.179 TX 06 00                        link reply
08:35:36.394 RX 08 03 00 02 18 00 ba 75      max payload query
08:35:36.476 TX 06 00                        link reply
08:35:37.474 TX 08 03 00 02 19 07 a9 7e      Max payload response
08:35:37.497 RX 06 00                        link ACK
08:35:40.239 TX 08 01 00 02 0e 01 e2 58      Outside comm status: good
08:35:40.263 RX 06 00                        link ACK
08:35:40.454 RX 08 01 00 02 03 0e e9 4f      app ACK of opcode 0x0E
08:35:40.530 TX 06 00                        link reply
08:35:41.270 TX 08 01 00 02 12 00 d8 5f      Query operational state
08:35:41.285 RX 06 00                        link ACK
08:35:41.494 RX 08 01 00 02 13 01 d3 62      operational state 1 (Running Normal)
08:35:41.580 TX 06 00                        link reply
08:35:42.307 TX 08 02 00 02 06 00 f6 4c      GetCommodityRead
08:35:42.324 RX 06 00                        link ACK
08:35:42.549 RX 08 02 00 2a 06 80 00 00 00 00 00 00 00 f2 00 00 00 00 00 00 06 00 00 00 00 00 00 00 00 00 00 2e eb 07 00 00 00 00 00 00 00 00 00 00 0e ef 74 0e GetCommodityRead reply: electricity consumed (W, Wh)=rate=242 cumulative=0 (estimated), total energy storage capacity (Wh)=rate=0 cumulative=12011 (estimated), present energy storage capacity (Wh)=rate=0 cumulative=3823 (estimated)
08:35:42.635 TX 06 00                        link reply
08:35:50.526 RX 08 01 00 00 7e cd            supported query 08 01
08:35:50.600 TX 06 00                        link reply
08:35:50.814 RX 08 02 00 00 7a d0            supported query 08 02
08:35:50.893 TX 06 00                        link reply
08:35:51.117 RX 08 03 00 00 76 d3            supported query 08 03
08:35:51.209 TX 06 00                        link reply
08:35:51.421 RX 08 03 00 02 18 00 ba 75      max payload query
08:35:51.501 TX 06 00                        link reply
08:35:52.500 TX 08 03 00 02 19 07 a9 7e      Max payload response
08:35:52.508 RX 06 00                        link ACK
08:35:55.244 TX 08 01 00 02 0e 01 e2 58      Outside comm status: good
08:35:55.257 RX 06 00                        link ACK
08:35:55.465 RX 08 01 00 02 03 0e e9 4f      app ACK of opcode 0x0E
08:35:55.554 TX 06 00                        link reply
08:35:56.286 TX 08 01 00 02 12 00 d8 5f      Query operational state
08:35:56.296 RX 06 00                        link ACK
08:35:56.504 RX 08 01 00 02 13 01 d3 62      operational state 1 (Running Normal)
08:35:56.584 TX 06 00                        link reply
08:35:57.313 TX 08 02 00 02 06 00 f6 4c      GetCommodityRead
08:35:57.336 RX 06 00                        link ACK
08:35:57.559 RX 08 02 00 2a 06 80 00 00 00 00 00 00 00 f2 00 00 00 00 00 00 06 00 00 00 00 00 00 00 00 00 00 2e eb 07 00 00 00 00 00 00 00 00 00 00 0e dd 98 fb GetCommodityRead reply: electricity consumed (W, Wh)=rate=242 cumulative=0 (estimated), total energy storage capacity (Wh)=rate=0 cumulative=12011 (estimated), present energy storage capacity (Wh)=rate=0 cumulative=3805 (estimated)
08:35:57.640 TX 06 00                        link reply
08:36:05.552 RX 08 01 00 00 7e cd            supported query 08 01
08:36:05.638 TX 06 00                        link reply
08:36:05.856 RX 08 02 00 00 7a d0            supported query 08 02
08:36:05.936 TX 06 00                        link reply
08:36:06.160 RX 08 03 00 00 76 d3            supported query 08 03
08:36:06.245 TX 06 00                        link reply
08:36:06.464 RX 08 03 00 02 18 00 ba 75      max payload query
08:36:06.555 TX 06 00                        link reply
08:36:07.553 TX 08 03 00 02 19 07 a9 7e      Max payload response
08:36:07.567 RX 06 00                        link ACK
08:36:10.257 TX 08 01 00 02 0e 01 e2 58      Outside comm status: good
08:36:10.269 RX 06 00                        link ACK
08:36:10.476 RX 08 01 00 02 03 0e e9 4f      app ACK of opcode 0x0E
08:36:10.570 TX 06 00                        link reply
08:36:11.300 TX 08 01 00 02 12 00 d8 5f      Query operational state
08:36:11.323 RX 06 00                        link ACK
08:36:11.516 RX 08 01 00 02 13 01 d3 62      operational state 1 (Running Normal)
08:36:11.597 TX 06 00                        link reply
08:36:12.326 TX 08 02 00 02 06 00 f6 4c      GetCommodityRead
08:36:12.346 RX 06 00                        link ACK
08:36:12.570 RX 08 02 00 2a 06 80 00 00 00 00 00 00 00 f2 00 00 00 00 00 00 06 00 00 00 00 00 00 00 00 00 00 2e eb 07 00 00 00 00 00 00 00 00 00 00 0e ef 74 0e GetCommodityRead reply: electricity consumed (W, Wh)=rate=242 cumulative=0 (estimated), total energy storage capacity (Wh)=rate=0 cumulative=12011 (estimated), present energy storage capacity (Wh)=rate=0 cumulative=3823 (estimated)
08:36:12.655 TX 06 00                        link reply
08:36:20.580 RX 08 01 00 00 7e cd            supported query 08 01
08:36:20.659 TX 06 00                        link reply
08:36:20.883 RX 08 02 00 00 7a d0            supported query 08 02
08:36:20.971 TX 06 00                        link reply
08:36:21.188 RX 08 03 00 00 76 d3            supported query 08 03
08:36:21.265 TX 06 00                        link reply
08:36:21.491 RX 08 03 00 02 18 00 ba 75      max payload query
08:36:21.561 TX 06 00                        link reply
08:36:22.560 TX 08 03 00 02 19 07 a9 7e      Max payload response
08:36:22.578 RX 06 00                        link ACK
08:36:25.270 TX 08 01 00 02 0e 01 e2 58      Outside comm status: good
08:36:25.279 RX 06 00                        link ACK
08:36:25.488 RX 08 01 00 02 03 0e e9 4f      app ACK of opcode 0x0E
08:36:25.565 TX 06 00                        link reply
08:36:26.295 TX 08 01 00 02 12 00 d8 5f      Query operational state
08:36:26.303 RX 06 00                        link ACK
08:36:26.510 RX 08 01 00 02 13 01 d3 62      operational state 1 (Running Normal)
08:36:26.590 TX 06 00                        link reply
08:36:27.326 TX 08 02 00 02 06 00 f6 4c      GetCommodityRead
08:36:27.341 RX 06 00                        link ACK
08:36:27.565 RX 08 02 00 2a 06 80 00 00 00 00 00 00 00 f2 00 00 00 00 00 00 06 00 00 00 00 00 00 00 00 00 00 2e eb 07 00 00 00 00 00 00 00 00 00 00 0e dd 98 fb GetCommodityRead reply: electricity consumed (W, Wh)=rate=242 cumulative=0 (estimated), total energy storage capacity (Wh)=rate=0 cumulative=12011 (estimated), present energy storage capacity (Wh)=rate=0 cumulative=3805 (estimated)
08:36:27.656 TX 06 00                        link reply
08:36:35.622 RX 08 01 00 00 7e cd            supported query 08 01
08:36:35.700 TX 06 00                        link reply
08:36:35.910 RX 08 02 00 00 7a d0            supported query 08 02
08:36:35.997 TX 06 00                        link reply
08:36:36.214 RX 08 03 00 00 76 d3            supported query 08 03
08:36:36.293 TX 06 00                        link reply
08:36:36.518 RX 08 03 00 02 18 00 ba 75      max payload query
08:36:36.600 TX 06 00                        link reply
08:36:37.597 TX 08 03 00 02 19 07 a9 7e      Max payload response
08:36:37.620 RX 06 00                        link ACK
08:36:40.273 TX 08 01 00 02 0e 01 e2 58      Outside comm status: good
08:36:40.291 RX 06 00                        link ACK
08:36:40.498 RX 08 01 00 02 03 0e e9 4f      app ACK of opcode 0x0E
08:36:40.584 TX 06 00                        link reply
08:36:41.317 TX 08 01 00 02 12 00 d8 5f      Query operational state
08:36:41.329 RX 06 00                        link ACK
08:36:41.537 RX 08 01 00 02 13 01 d3 62      operational state 1 (Running Normal)
08:36:41.627 TX 06 00                        link reply
08:36:42.347 TX 08 02 00 02 06 00 f6 4c      GetCommodityRead
08:36:42.369 RX 06 00                        link ACK
08:36:42.592 RX 08 02 00 2a 06 80 00 00 00 00 00 00 00 f2 00 00 00 00 00 00 06 00 00 00 00 00 00 00 00 00 00 2e eb 07 00 00 00 00 00 00 00 00 00 00 0e dd 98 fb GetCommodityRead reply: electricity consumed (W, Wh)=rate=242 cumulative=0 (estimated), total energy storage capacity (Wh)=rate=0 cumulative=12011 (estimated), present energy storage capacity (Wh)=rate=0 cumulative=3805 (estimated)
08:36:42.676 TX 06 00                        link reply
08:36:50.666 RX 08 01 00 00 7e cd            supported query 08 01
08:36:50.734 TX 06 00                        link reply
08:36:50.955 RX 08 02 00 00 7a d0            supported query 08 02
08:36:51.033 TX 06 00                        link reply
08:36:51.257 RX 08 03 00 00 76 d3            supported query 08 03
08:36:51.325 TX 06 00                        link reply
08:36:51.545 RX 08 03 00 02 18 00 ba 75      max payload query
08:36:51.628 TX 06 00                        link reply
08:36:52.635 TX 08 03 00 02 19 07 a9 7e      Max payload response
08:36:52.649 RX 06 00                        link ACK
08:36:55.279 TX 08 01 00 02 0e 01 e2 58      Outside comm status: good
08:36:55.301 RX 06 00                        link ACK
08:36:55.494 RX 08 01 00 02 03 0e e9 4f      app ACK of opcode 0x0E
08:36:55.574 TX 06 00                        link reply
08:36:56.319 TX 08 01 00 02 12 00 d8 5f      Query operational state
08:36:56.341 RX 06 00                        link ACK
08:36:56.532 RX 08 01 00 02 13 01 d3 62      operational state 1 (Running Normal)
08:36:56.616 TX 06 00                        link reply
08:36:57.364 TX 08 02 00 02 06 00 f6 4c      GetCommodityRead
08:36:57.380 RX 06 00                        link ACK
08:36:57.604 RX 08 02 00 2a 06 80 00 00 00 00 00 00 00 f2 00 00 00 00 00 00 06 00 00 00 00 00 00 00 00 00 00 2e eb 07 00 00 00 00 00 00 00 00 00 00 0e dd 98 fb GetCommodityRead reply: electricity consumed (W, Wh)=rate=242 cumulative=0 (estimated), total energy storage capacity (Wh)=rate=0 cumulative=12011 (estimated), present energy storage capacity (Wh)=rate=0 cumulative=3805 (estimated)
08:36:57.690 TX 06 00                        link reply
08:37:05.693 RX 08 01 00 00 7e cd            supported query 08 01
08:37:05.775 TX 06 00                        link reply
08:37:05.996 RX 08 02 00 00 7a d0            supported query 08 02
08:37:06.086 TX 06 00                        link reply
08:37:06.300 RX 08 03 00 00 76 d3            supported query 08 03
08:37:06.381 TX 06 00                        link reply
08:37:06.603 RX 08 03 00 02 18 00 ba 75      max payload query
08:37:06.688 TX 06 00                        link reply
08:37:07.683 TX 08 03 00 02 19 07 a9 7e      Max payload response
08:37:07.690 RX 06 00                        link ACK
08:37:10.283 TX 08 01 00 02 0e 01 e2 58      Outside comm status: good
08:37:10.297 RX 06 00                        link ACK
08:37:10.504 RX 08 01 00 02 03 0e e9 4f      app ACK of opcode 0x0E
08:37:10.596 TX 06 00                        link reply
08:37:11.327 TX 08 01 00 02 12 00 d8 5f      Query operational state
08:37:11.335 RX 06 00                        link ACK
08:37:11.544 RX 08 01 00 02 13 01 d3 62      operational state 1 (Running Normal)
08:37:11.624 TX 06 00                        link reply
08:37:12.354 TX 08 02 00 02 06 00 f6 4c      GetCommodityRead
08:37:12.374 RX 06 00                        link ACK
08:37:12.599 RX 08 02 00 2a 06 80 00 00 00 00 00 00 00 f2 00 00 00 00 00 00 06 00 00 00 00 00 00 00 00 00 00 2e eb 07 00 00 00 00 00 00 00 00 00 00 0e dd 98 fb GetCommodityRead reply: electricity consumed (W, Wh)=rate=242 cumulative=0 (estimated), total energy storage capacity (Wh)=rate=0 cumulative=12011 (estimated), present energy storage capacity (Wh)=rate=0 cumulative=3805 (estimated)
08:37:12.680 TX 06 00                        link reply
08:37:19.728 RX 08 01 00 00 7e cd            supported query 08 01
08:37:19.818 TX 06 00                        link reply
08:37:20.032 RX 08 02 00 00 7a d0            supported query 08 02
08:37:20.114 TX 06 00                        link reply
08:37:20.335 RX 08 03 00 00 76 d3            supported query 08 03
08:37:20.414 TX 06 00                        link reply
08:37:20.639 RX 08 03 00 02 18 00 ba 75      max payload query
08:37:20.727 TX 06 00                        link reply
08:37:21.726 TX 08 03 00 02 19 07 a9 7e      Max payload response
08:37:21.743 RX 06 00                        link ACK
08:37:25.287 TX 08 01 00 02 0e 01 e2 58      Outside comm status: good
08:37:25.307 RX 06 00                        link ACK
08:37:25.500 RX 08 01 00 02 03 0e e9 4f      app ACK of opcode 0x0E
08:37:25.579 TX 06 00                        link reply
08:37:26.337 TX 08 01 00 02 12 00 d8 5f      Query operational state
08:37:26.346 RX 06 00                        link ACK
08:37:26.556 RX 08 01 00 02 13 01 d3 62      operational state 1 (Running Normal)
08:37:26.646 TX 06 00                        link reply
08:37:27.365 TX 08 02 00 02 06 00 f6 4c      GetCommodityRead
08:37:27.385 RX 06 00                        link ACK
08:37:27.609 RX 08 02 00 2a 06 80 00 00 00 00 00 00 00 f2 00 00 00 00 00 00 06 00 00 00 00 00 00 00 00 00 00 2e eb 07 00 00 00 00 00 00 00 00 00 00 0e cb bc e9 GetCommodityRead reply: electricity consumed (W, Wh)=rate=242 cumulative=0 (estimated), total energy storage capacity (Wh)=rate=0 cumulative=12011 (estimated), present energy storage capacity (Wh)=rate=0 cumulative=3787 (estimated)
08:37:27.695 TX 06 00                        link reply
08:37:34.755 RX 08 01 00 00 7e cd            supported query 08 01
08:37:34.844 TX 06 00                        link reply
08:37:35.059 RX 08 02 00 00 7a d0            supported query 08 02
08:37:35.142 TX 06 00                        link reply
08:37:35.362 RX 08 03 00 00 76 d3            supported query 08 03
08:37:35.451 TX 06 00                        link reply
08:37:35.668 RX 08 03 00 02 18 00 ba 75      max payload query
08:37:35.746 TX 06 00                        link reply
08:37:36.759 TX 08 03 00 02 19 07 a9 7e      Max payload response
08:37:36.770 RX 06 00                        link ACK
08:37:40.298 TX 08 01 00 02 0e 01 e2 58      Outside comm status: good
08:37:40.318 RX 06 00                        link ACK
08:37:40.526 RX 08 01 00 02 03 0e e9 4f      app ACK of opcode 0x0E
08:37:40.608 TX 06 00                        link reply
08:37:41.337 TX 08 01 00 02 12 00 d8 5f      Query operational state
08:37:41.357 RX 06 00                        link ACK
08:37:41.558 RX 08 01 00 02 13 01 d3 62      operational state 1 (Running Normal)
08:37:41.650 TX 06 00                        link reply
08:37:42.384 TX 08 02 00 02 06 00 f6 4c      GetCommodityRead
08:37:42.396 RX 06 00                        link ACK
08:37:42.620 RX 08 02 00 2a 06 80 00 00 00 00 00 00 00 f2 00 00 00 00 00 00 06 00 00 00 00 00 00 00 00 00 00 2e eb 07 00 00 00 00 00 00 00 00 00 00 0e b9 e0 d7 GetCommodityRead reply: electricity consumed (W, Wh)=rate=242 cumulative=0 (estimated), total energy storage capacity (Wh)=rate=0 cumulative=12011 (estimated), present energy storage capacity (Wh)=rate=0 cumulative=3769 (estimated)
08:37:42.701 TX 06 00                        link reply
08:37:49.798 RX 08 01 00 00 7e cd            supported query 08 01
08:37:49.876 TX 06 00                        link reply
08:37:50.086 RX 08 02 00 00 7a d0            supported query 08 02
08:37:50.174 TX 06 00                        link reply
08:37:50.390 RX 08 03 00 00 76 d3            supported query 08 03
08:37:50.470 TX 06 00                        link reply
08:37:50.693 RX 08 03 00 02 18 00 ba 75      max payload query
08:37:50.781 TX 06 00                        link reply
08:37:51.777 TX 08 03 00 02 19 07 a9 7e      Max payload response
08:37:51.796 RX 06 00                        link ACK
08:37:55.309 TX 08 01 00 02 0e 01 e2 58      Outside comm status: good
08:37:55.329 RX 06 00                        link ACK
08:37:55.521 RX 08 01 00 02 03 0e e9 4f      app ACK of opcode 0x0E
08:37:55.599 TX 06 00                        link reply
08:37:56.347 TX 08 01 00 02 12 00 d8 5f      Query operational state
08:37:56.368 RX 06 00                        link ACK
08:37:56.561 RX 08 01 00 02 13 01 d3 62      operational state 1 (Running Normal)
08:37:56.642 TX 06 00                        link reply
08:37:57.391 TX 08 02 00 02 06 00 f6 4c      GetCommodityRead
08:37:57.407 RX 06 00                        link ACK
08:37:57.632 RX 08 02 00 2a 06 80 00 00 00 00 00 00 00 f2 00 00 00 00 00 00 06 00 00 00 00 00 00 00 00 00 00 2e eb 07 00 00 00 00 00 00 00 00 00 00 0e dd 98 fb GetCommodityRead reply: electricity consumed (W, Wh)=rate=242 cumulative=0 (estimated), total energy storage capacity (Wh)=rate=0 cumulative=12011 (estimated), present energy storage capacity (Wh)=rate=0 cumulative=3805 (estimated)
08:37:57.717 TX 06 00                        link reply
08:38:04.825 RX 08 01 00 00 7e cd            supported query 08 01
08:38:04.917 TX 06 00                        link reply
08:38:05.129 RX 08 02 00 00 7a d0            supported query 08 02
08:38:05.212 TX 06 00                        link reply
08:38:05.432 RX 08 03 00 00 76 d3            supported query 08 03
08:38:05.520 TX 06 00                        link reply
08:38:05.736 RX 08 03 00 02 18 00 ba 75      max payload query
08:38:05.814 TX 06 00                        link reply
08:38:06.823 TX 08 03 00 02 19 07 a9 7e      Max payload response
08:38:06.839 RX 06 00                        link ACK
08:38:10.309 TX 08 01 00 02 0e 01 e2 58      Outside comm status: good
08:38:10.325 RX 06 00                        link ACK
08:38:10.532 RX 08 01 00 02 03 0e e9 4f      app ACK of opcode 0x0E
08:38:10.624 TX 06 00                        link reply
08:38:11.351 TX 08 01 00 02 12 00 d8 5f      Query operational state
08:38:11.363 RX 06 00                        link ACK
08:38:11.571 RX 08 01 00 02 13 01 d3 62      operational state 1 (Running Normal)
08:38:11.662 TX 06 00                        link reply
08:38:12.381 TX 08 02 00 02 06 00 f6 4c      GetCommodityRead
08:38:12.402 RX 06 00                        link ACK
08:38:12.626 RX 08 02 00 2a 06 80 00 00 00 00 00 00 00 f2 00 00 00 00 00 00 06 00 00 00 00 00 00 00 00 00 00 2e eb 07 00 00 00 00 00 00 00 00 00 00 0e a7 05 c5 GetCommodityRead reply: electricity consumed (W, Wh)=rate=242 cumulative=0 (estimated), total energy storage capacity (Wh)=rate=0 cumulative=12011 (estimated), present energy storage capacity (Wh)=rate=0 cumulative=3751 (estimated)
08:38:12.709 TX 06 00                        link reply
08:38:19.868 RX 08 01 00 00 7e cd            supported query 08 01
08:38:19.953 TX 06 00                        link reply
08:38:20.172 RX 08 02 00 00 7a d0            supported query 08 02
08:38:20.262 TX 06 00                        link reply
08:38:20.475 RX 08 03 00 00 76 d3            supported query 08 03
08:38:20.559 TX 06 00                        link reply
08:38:20.779 RX 08 03 00 02 18 00 ba 75      max payload query
08:38:20.856 TX 06 00                        link reply
08:38:21.865 TX 08 03 00 02 19 07 a9 7e      Max payload response
08:38:21.882 RX 06 00                        link ACK
08:38:25.321 TX 08 01 00 02 0e 01 e2 58      Outside comm status: good
08:38:25.335 RX 06 00                        link ACK
08:38:25.543 RX 08 01 00 02 03 0e e9 4f      app ACK of opcode 0x0E
08:38:25.630 TX 06 00                        link reply
08:38:26.363 TX 08 01 00 02 12 00 d8 5f      Query operational state
08:38:26.374 RX 06 00                        link ACK
08:38:26.582 RX 08 01 00 02 13 01 d3 62      operational state 1 (Running Normal)
08:38:26.660 TX 06 00                        link reply
08:38:27.390 TX 08 02 00 02 06 00 f6 4c      GetCommodityRead
08:38:27.397 RX 06 00                        link ACK
08:38:27.638 RX 08 02 00 2a 06 80 00 00 00 00 00 00 00 f2 00 00 00 00 00 00 06 00 00 00 00 00 00 00 00 00 00 2e eb 07 00 00 00 00 00 00 00 00 00 00 0e 95 29 b3 GetCommodityRead reply: electricity consumed (W, Wh)=rate=242 cumulative=0 (estimated), total energy storage capacity (Wh)=rate=0 cumulative=12011 (estimated), present energy storage capacity (Wh)=rate=0 cumulative=3733 (estimated)
08:38:27.716 TX 06 00                        link reply
08:38:34.895 RX 08 01 00 00 7e cd            supported query 08 01
08:38:34.974 TX 06 00                        link reply
08:38:35.198 RX 08 02 00 00 7a d0            supported query 08 02
08:38:35.268 TX 06 00                        link reply
08:38:35.486 RX 08 03 00 00 76 d3            supported query 08 03
08:38:35.568 TX 06 00                        link reply
08:38:35.790 RX 08 03 00 02 18 00 ba 75      max payload query
08:38:35.881 TX 06 00                        link reply
08:38:36.879 TX 08 03 00 02 19 07 a9 7e      Max payload response
08:38:36.893 RX 06 00                        link ACK
08:38:40.327 TX 08 01 00 02 0e 01 e2 58      Outside comm status: good
08:38:40.346 RX 06 00                        link ACK
08:38:40.553 RX 08 01 00 02 03 0e e9 4f      app ACK of opcode 0x0E
08:38:40.640 TX 06 00                        link reply
08:38:41.370 TX 08 01 00 02 12 00 d8 5f      Query operational state
08:38:41.386 RX 06 00                        link ACK
08:38:41.593 RX 08 01 00 02 13 01 d3 62      operational state 1 (Running Normal)
08:38:41.679 TX 06 00                        link reply
08:38:42.415 TX 08 02 00 02 06 00 f6 4c      GetCommodityRead
08:38:42.424 RX 06 00                        link ACK
08:38:42.648 RX 08 02 00 2a 06 80 00 00 00 00 00 00 00 f2 00 00 00 00 00 00 06 00 00 00 00 00 00 00 00 00 00 2e eb 07 00 00 00 00 00 00 00 00 00 00 0e 95 29 b3 GetCommodityRead reply: electricity consumed (W, Wh)=rate=242 cumulative=0 (estimated), total energy storage capacity (Wh)=rate=0 cumulative=12011 (estimated), present energy storage capacity (Wh)=rate=0 cumulative=3733 (estimated)
08:38:42.728 TX 06 00                        link reply
08:38:49.922 RX 08 01 00 00 7e cd            supported query 08 01
08:38:50.006 TX 06 00                        link reply
08:38:50.225 RX 08 02 00 00 7a d0            supported query 08 02
08:38:50.302 TX 06 00                        link reply
08:38:50.514 RX 08 03 00 00 76 d3            supported query 08 03
08:38:50.597 TX 06 00                        link reply
08:38:50.818 RX 08 03 00 02 18 00 ba 75      max payload query
08:38:50.909 TX 06 00                        link reply
08:38:51.909 TX 08 03 00 02 19 07 a9 7e      Max payload response
08:38:51.920 RX 06 00                        link ACK
08:38:55.342 TX 08 01 00 02 0e 01 e2 58      Outside comm status: good
08:38:55.357 RX 06 00                        link ACK
08:38:55.564 RX 08 01 00 02 03 0e e9 4f      app ACK of opcode 0x0E
08:38:55.650 TX 06 00                        link reply
08:38:56.383 TX 08 01 00 02 12 00 d8 5f      Query operational state
08:38:56.396 RX 06 00                        link ACK
08:38:56.604 RX 08 01 00 02 13 01 d3 62      operational state 1 (Running Normal)
08:38:56.693 TX 06 00                        link reply
08:38:57.425 TX 08 02 00 02 06 00 f6 4c      GetCommodityRead
08:38:57.435 RX 06 00                        link ACK
08:38:57.659 RX 08 02 00 2a 06 80 00 00 00 00 00 00 00 f2 00 00 00 00 00 00 06 00 00 00 00 00 00 00 00 00 00 2e eb 07 00 00 00 00 00 00 00 00 00 00 0e 83 4d a1 GetCommodityRead reply: electricity consumed (W, Wh)=rate=242 cumulative=0 (estimated), total energy storage capacity (Wh)=rate=0 cumulative=12011 (estimated), present energy storage capacity (Wh)=rate=0 cumulative=3715 (estimated)
08:38:57.739 TX 06 00                        link reply
08:39:04.965 RX 08 01 00 00 7e cd            supported query 08 01
08:39:05.047 TX 06 00                        link reply
08:39:05.269 RX 08 02 00 00 7a d0            supported query 08 02
08:39:05.358 TX 06 00                        link reply
08:39:05.572 RX 08 03 00 00 76 d3            supported query 08 03
08:39:05.654 TX 06 00                        link reply
08:39:05.876 RX 08 03 00 02 18 00 ba 75      max payload query
08:39:05.970 TX 06 00                        link reply
08:39:06.964 TX 08 03 00 02 19 07 a9 7e      Max payload response
08:39:06.979 RX 06 00                        link ACK
08:39:10.352 TX 08 01 00 02 0e 01 e2 58      Outside comm status: good
08:39:10.369 RX 06 00                        link ACK
08:39:10.576 RX 08 01 00 02 03 0e e9 4f      app ACK of opcode 0x0E
08:39:10.663 TX 06 00                        link reply
08:39:11.389 TX 08 01 00 02 12 00 d8 5f      Query operational state
08:39:11.407 RX 06 00                        link ACK
08:39:11.615 RX 08 01 00 02 13 01 d3 62      operational state 1 (Running Normal)
08:39:11.700 TX 06 00                        link reply
08:39:12.433 TX 08 02 00 02 06 00 f6 4c      GetCommodityRead
08:39:12.446 RX 06 00                        link ACK
08:39:12.670 RX 08 02 00 2a 06 80 00 00 00 00 00 00 00 f2 00 00 00 00 00 00 06 00 00 00 00 00 00 00 00 00 00 2e eb 07 00 00 00 00 00 00 00 00 00 00 0e 95 29 b3 GetCommodityRead reply: electricity consumed (W, Wh)=rate=242 cumulative=0 (estimated), total energy storage capacity (Wh)=rate=0 cumulative=12011 (estimated), present energy storage capacity (Wh)=rate=0 cumulative=3733 (estimated)
08:39:12.759 TX 06 00                        link reply
08:39:19.992 RX 08 01 00 00 7e cd            supported query 08 01
08:39:20.069 TX 06 00                        link reply
08:39:20.279 RX 08 02 00 00 7a d0            supported query 08 02
08:39:20.365 TX 06 00                        link reply
08:39:20.583 RX 08 03 00 00 76 d3            supported query 08 03
08:39:20.659 TX 06 00                        link reply
08:39:20.871 RX 08 03 00 02 18 00 ba 75      max payload query
08:39:20.957 TX 06 00                        link reply
08:39:21.958 TX 08 03 00 02 19 07 a9 7e      Max payload response
08:39:21.976 RX 06 00                        link ACK
08:39:25.360 TX 08 01 00 02 0e 01 e2 58      Outside comm status: good
08:39:25.379 RX 06 00                        link ACK
08:39:25.587 RX 08 01 00 02 03 0e e9 4f      app ACK of opcode 0x0E
08:39:25.671 TX 06 00                        link reply
08:39:26.401 TX 08 01 00 02 12 00 d8 5f      Query operational state
08:39:26.418 RX 06 00                        link ACK
08:39:26.625 RX 08 01 00 02 13 01 d3 62      operational state 1 (Running Normal)
08:39:26.713 TX 06 00                        link reply
08:39:27.438 TX 08 02 00 02 06 00 f6 4c      GetCommodityRead
08:39:27.458 RX 06 00                        link ACK
08:39:27.681 RX 08 02 00 2a 06 80 00 00 00 00 00 00 00 f2 00 00 00 00 00 00 06 00 00 00 00 00 00 00 00 00 00 2e eb 07 00 00 00 00 00 00 00 00 00 00 0e 71 71 8f GetCommodityRead reply: electricity consumed (W, Wh)=rate=242 cumulative=0 (estimated), total energy storage capacity (Wh)=rate=0 cumulative=12011 (estimated), present energy storage capacity (Wh)=rate=0 cumulative=3697 (estimated)
08:39:27.766 TX 06 00                        link reply
08:39:35.018 RX 08 01 00 00 7e cd            supported query 08 01
08:39:35.107 TX 06 00                        link reply
08:39:35.322 RX 08 02 00 00 7a d0            supported query 08 02
08:39:35.402 TX 06 00                        link reply
08:39:35.626 RX 08 03 00 00 76 d3            supported query 08 03
08:39:35.713 TX 06 00                        link reply
08:39:35.930 RX 08 03 00 02 18 00 ba 75      max payload query
08:39:36.008 TX 06 00                        link reply
08:39:37.019 TX 08 03 00 02 19 07 a9 7e      Max payload response
08:39:37.032 RX 06 00                        link ACK
08:39:40.374 TX 08 01 00 02 0e 01 e2 58      Outside comm status: good
08:39:40.390 RX 06 00                        link ACK
08:39:40.597 RX 08 01 00 02 03 0e e9 4f      app ACK of opcode 0x0E
08:39:40.686 TX 06 00                        link reply
08:39:41.416 TX 08 01 00 02 12 00 d8 5f      Query operational state
08:39:41.429 RX 06 00                        link ACK
08:39:41.636 RX 08 01 00 02 13 01 d3 62      operational state 1 (Running Normal)
08:39:41.725 TX 06 00                        link reply
08:39:42.454 TX 08 02 00 02 06 00 f6 4c      GetCommodityRead
08:39:42.468 RX 06 00                        link ACK
08:39:42.692 RX 08 02 00 2a 06 80 00 00 00 00 00 00 00 f2 00 00 00 00 00 00 06 00 00 00 00 00 00 00 00 00 00 2e eb 07 00 00 00 00 00 00 00 00 00 00 0e 71 71 8f GetCommodityRead reply: electricity consumed (W, Wh)=rate=242 cumulative=0 (estimated), total energy storage capacity (Wh)=rate=0 cumulative=12011 (estimated), present energy storage capacity (Wh)=rate=0 cumulative=3697 (estimated)
08:39:42.782 TX 06 00                        link reply
08:39:50.061 RX 08 01 00 00 7e cd            supported query 08 01
08:39:50.149 TX 06 00                        link reply
08:39:50.365 RX 08 02 00 00 7a d0            supported query 08 02
08:39:50.443 TX 06 00                        link reply
08:39:50.653 RX 08 03 00 00 76 d3            supported query 08 03
08:39:50.738 TX 06 00                        link reply
08:39:50.957 RX 08 03 00 02 18 00 ba 75      max payload query
08:39:51.036 TX 06 00                        link reply
08:39:52.045 TX 08 03 00 02 19 07 a9 7e      Max payload response
08:39:52.060 RX 06 00                        link ACK
08:39:55.392 TX 08 01 00 02 0e 01 e2 58      Outside comm status: good
08:39:55.404 RX 06 00                        link ACK
08:39:55.610 RX 08 01 00 02 03 0e e9 4f      app ACK of opcode 0x0E
08:39:55.700 TX 06 00                        link reply
08:39:56.431 TX 08 01 00 02 12 00 d8 5f      Query operational state
08:39:56.441 RX 06 00                        link ACK
08:39:56.648 RX 08 01 00 02 13 01 d3 62      operational state 1 (Running Normal)
08:39:56.728 TX 06 00                        link reply
08:39:56.856 RX 08 01 00 02 13 01 d3 62      operational state 1 (Running Normal)
08:39:56.945 TX 06 00                        link reply
08:39:57.474 TX 08 02 00 02 06 00 f6 4c      GetCommodityRead
08:39:57.495 RX 06 00                        link ACK
08:39:57.719 RX 08 02 00 2a 06 80 00 00 00 00 00 00 00 f2 00 00 00 00 00 00 06 00 00 00 00 00 00 00 00 00 00 2e eb 07 00 00 00 00 00 00 00 00 00 00 0e 5f 95 7d GetCommodityRead reply: electricity consumed (W, Wh)=rate=242 cumulative=0 (estimated), total energy storage capacity (Wh)=rate=0 cumulative=12011 (estimated), present energy storage capacity (Wh)=rate=0 cumulative=3679 (estimated)
08:39:57.803 TX 06 00                        link reply
08:40:05.088 RX 08 01 00 00 7e cd            supported query 08 01
08:40:05.167 TX 06 00                        link reply
08:40:05.377 RX 08 02 00 00 7a d0            supported query 08 02
08:40:05.464 TX 06 00                        link reply
08:40:05.681 RX 08 03 00 00 76 d3            supported query 08 03
08:40:05.772 TX 06 00                        link reply
08:40:05.983 RX 08 03 00 02 18 00 ba 75      max payload query
08:40:06.066 TX 06 00                        link reply
08:40:07.070 TX 08 03 00 02 19 07 a9 7e      Max payload response
08:40:07.086 RX 06 00                        link ACK
08:40:10.390 TX 08 01 00 02 0e 01 e2 58      Outside comm status: good
08:40:10.412 RX 06 00                        link ACK
08:40:10.604 RX 08 01 00 02 03 0e e9 4f      app ACK of opcode 0x0E
08:40:10.686 TX 06 00                        link reply
08:40:11.430 TX 08 01 00 02 12 00 d8 5f      Query operational state
08:40:11.451 RX 06 00                        link ACK
08:40:11.643 RX 08 01 00 02 13 01 d3 62      operational state 1 (Running Normal)
08:40:11.727 TX 06 00                        link reply
08:40:12.479 TX 08 02 00 02 06 00 f6 4c      GetCommodityRead
08:40:12.490 RX 06 00                        link ACK
08:40:12.714 RX 08 02 00 2a 06 80 00 00 00 00 00 00 00 f2 00 00 00 00 00 00 06 00 00 00 00 00 00 00 00 00 00 2e eb 07 00 00 00 00 00 00 00 00 00 00 0e 71 71 8f GetCommodityRead reply: electricity consumed (W, Wh)=rate=242 cumulative=0 (estimated), total energy storage capacity (Wh)=rate=0 cumulative=12011 (estimated), present energy storage capacity (Wh)=rate=0 cumulative=3697 (estimated)
08:40:12.805 TX 06 00                        link reply
08:40:20.115 RX 08 01 00 00 7e cd            supported query 08 01
08:40:20.196 TX 06 00                        link reply
08:40:20.419 RX 08 02 00 00 7a d0            supported query 08 02
08:40:20.507 TX 06 00                        link reply
08:40:20.723 RX 08 03 00 00 76 d3            supported query 08 03
08:40:20.804 TX 06 00                        link reply
08:40:21.027 RX 08 03 00 02 18 00 ba 75      max payload query
08:40:21.115 TX 06 00                        link reply
08:40:22.106 TX 08 03 00 02 19 07 a9 7e      Max payload response
08:40:22.130 RX 06 00                        link ACK
08:40:25.394 TX 08 01 00 02 0e 01 e2 58      Outside comm status: good
08:40:25.407 RX 06 00                        link ACK
08:40:25.615 RX 08 01 00 02 03 0e e9 4f      app ACK of opcode 0x0E
08:40:25.700 TX 06 00                        link reply
08:40:26.433 TX 08 01 00 02 12 00 d8 5f      Query operational state
08:40:26.446 RX 06 00                        link ACK
08:40:26.654 RX 08 01 00 02 13 01 d3 62      operational state 1 (Running Normal)
08:40:26.746 TX 06 00                        link reply
08:40:27.474 TX 08 02 00 02 06 00 f6 4c      GetCommodityRead
08:40:27.485 RX 06 00                        link ACK
08:40:27.710 RX 08 02 00 2a 06 80 00 00 00 00 00 00 00 f2 00 00 00 00 00 00 06 00 00 00 00 00 00 00 00 00 00 2e eb 07 00 00 00 00 00 00 00 00 00 00 0e 3b dd 59 GetCommodityRead reply: electricity consumed (W, Wh)=rate=242 cumulative=0 (estimated), total energy storage capacity (Wh)=rate=0 cumulative=12011 (estimated), present energy storage capacity (Wh)=rate=0 cumulative=3643 (estimated)
08:40:27.801 TX 06 00                        link reply
08:40:35.158 RX 08 01 00 00 7e cd            supported query 08 01
08:40:35.239 TX 06 00                        link reply
08:40:35.462 RX 08 02 00 00 7a d0            supported query 08 02
08:40:35.549 TX 06 00                        link reply
08:40:35.765 RX 08 03 00 00 76 d3            supported query 08 03
08:40:35.848 TX 06 00                        link reply
08:40:36.069 RX 08 03 00 02 18 00 ba 75      max payload query
08:40:36.162 TX 06 00                        link reply
08:40:37.151 TX 08 03 00 02 19 07 a9 7e      Max payload response
08:40:37.172 RX 06 00                        link ACK
08:40:40.407 TX 08 01 00 02 0e 01 e2 58      Outside comm status: good
08:40:40.417 RX 06 00                        link ACK
08:40:40.626 RX 08 01 00 02 03 0e e9 4f      app ACK of opcode 0x0E
08:40:40.718 TX 06 00                        link reply
08:40:41.448 TX 08 01 00 02 12 00 d8 5f      Query operational state
08:40:41.456 RX 06 00                        link ACK
08:40:41.665 RX 08 01 00 02 13 01 d3 62      operational state 1 (Running Normal)
08:40:41.745 TX 06 00                        link reply
08:40:42.479 TX 08 02 00 02 06 00 f6 4c      GetCommodityRead
08:40:42.496 RX 06 00                        link ACK
08:40:42.719 RX 08 02 00 2a 06 80 00 00 00 00 00 00 00 f2 00 00 00 00 00 00 06 00 00 00 00 00 00 00 00 00 00 2e eb 07 00 00 00 00 00 00 00 00 00 00 0e 4d b9 6b GetCommodityRead reply: electricity consumed (W, Wh)=rate=242 cumulative=0 (estimated), total energy storage capacity (Wh)=rate=0 cumulative=12011 (estimated), present energy storage capacity (Wh)=rate=0 cumulative=3661 (estimated)
08:40:42.809 TX 06 00                        link reply
08:40:50.185 RX 08 01 00 00 7e cd            supported query 08 01
08:40:50.264 TX 06 00                        link reply
08:40:50.488 RX 08 02 00 00 7a d0            supported query 08 02
08:40:50.575 TX 06 00                        link reply
08:40:50.792 RX 08 03 00 00 76 d3            supported query 08 03
08:40:50.874 TX 06 00                        link reply
08:40:51.096 RX 08 03 00 02 18 00 ba 75      max payload query
08:40:51.187 TX 06 00                        link reply
08:40:52.185 TX 08 03 00 02 19 07 a9 7e      Max payload response
08:40:52.199 RX 06 00                        link ACK
08:40:55.419 TX 08 01 00 02 0e 01 e2 58      Outside comm status: good
08:40:55.428 RX 06 00                        link ACK
08:40:55.637 RX 08 01 00 02 03 0e e9 4f      app ACK of opcode 0x0E
08:40:55.727 TX 06 00                        link reply
08:40:56.457 TX 08 01 00 02 12 00 d8 5f      Query operational state
08:40:56.468 RX 06 00                        link ACK
08:40:56.675 RX 08 01 00 02 13 01 d3 62      operational state 1 (Running Normal)
08:40:56.768 TX 06 00                        link reply
08:40:57.484 TX 08 02 00 02 06 00 f6 4c      GetCommodityRead
08:40:57.507 RX 06 00                        link ACK
08:40:57.731 RX 08 02 00 2a 06 80 00 00 00 00 00 00 00 f2 00 00 00 00 00 00 06 00 00 00 00 00 00 00 00 00 00 2e eb 07 00 00 00 00 00 00 00 00 00 00 0e 17 26 35 GetCommodityRead reply: electricity consumed (W, Wh)=rate=242 cumulative=0 (estimated), total energy storage capacity (Wh)=rate=0 cumulative=12011 (estimated), present energy storage capacity (Wh)=rate=0 cumulative=3607 (estimated)
08:40:57.809 TX 06 00                        link reply
08:41:05.213 RX 08 01 00 00 7e cd            supported query 08 01
08:41:05.305 TX 06 00                        link reply
08:41:05.516 RX 08 02 00 00 7a d0            supported query 08 02
08:41:05.596 TX 06 00                        link reply
08:41:05.821 RX 08 03 00 00 76 d3            supported query 08 03
08:41:05.902 TX 06 00                        link reply
08:41:06.125 RX 08 03 00 02 18 00 ba 75      max payload query
08:41:06.211 TX 06 00                        link reply
08:41:07.216 TX 08 03 00 02 19 07 a9 7e      Max payload response
08:41:07.227 RX 06 00                        link ACK
08:41:10.423 TX 08 01 00 02 0e 01 e2 58      Outside comm status: good
08:41:10.440 RX 06 00                        link ACK
08:41:10.648 RX 08 01 00 02 03 0e e9 4f      app ACK of opcode 0x0E
08:41:10.734 TX 06 00                        link reply
08:41:11.461 TX 08 01 00 02 12 00 d8 5f      Query operational state
08:41:11.479 RX 06 00                        link ACK
08:41:11.687 RX 08 01 00 02 13 01 d3 62      operational state 1 (Running Normal)
08:41:11.775 TX 06 00                        link reply
08:41:12.502 TX 08 02 00 02 06 00 f6 4c      GetCommodityRead
08:41:12.520 RX 06 00                        link ACK
08:41:12.742 RX 08 02 00 2a 06 80 00 00 00 00 00 00 00 f2 00 00 00 00 00 00 06 00 00 00 00 00 00 00 00 00 00 2e eb 07 00 00 00 00 00 00 00 00 00 00 0e 17 26 35 GetCommodityRead reply: electricity consumed (W, Wh)=rate=242 cumulative=0 (estimated), total energy storage capacity (Wh)=rate=0 cumulative=12011 (estimated), present energy storage capacity (Wh)=rate=0 cumulative=3607 (estimated)
08:41:12.828 TX 06 00                        link reply
08:41:20.255 RX 08 01 00 00 7e cd            supported query 08 01
08:41:20.346 TX 06 00                        link reply
08:41:20.560 RX 08 02 00 00 7a d0            supported query 08 02
08:41:20.643 TX 06 00                        link reply
08:41:20.863 RX 08 03 00 00 76 d3            supported query 08 03
08:41:20.951 TX 06 00                        link reply
08:41:21.166 RX 08 03 00 02 18 00 ba 75      max payload query
08:41:21.248 TX 06 00                        link reply
08:41:22.244 TX 08 03 00 02 19 07 a9 7e      Max payload response
08:41:22.253 RX 06 00                        link ACK
08:41:25.427 TX 08 01 00 02 0e 01 e2 58      Outside comm status: good
08:41:25.451 RX 06 00                        link ACK
08:41:25.643 RX 08 01 00 02 03 0e e9 4f      app ACK of opcode 0x0E
08:41:25.723 TX 06 00                        link reply
08:41:26.472 TX 08 01 00 02 12 00 d8 5f      Query operational state
08:41:26.490 RX 06 00                        link ACK
08:41:26.697 RX 08 01 00 02 13 01 d3 62      operational state 1 (Running Normal)
08:41:26.786 TX 06 00                        link reply
08:41:27.518 TX 08 02 00 02 06 00 f6 4c      GetCommodityRead
08:41:27.529 RX 06 00                        link ACK
08:41:27.753 RX 08 02 00 2a 06 80 00 00 00 00 00 00 00 f2 00 00 00 00 00 00 06 00 00 00 00 00 00 00 00 00 00 2e eb 07 00 00 00 00 00 00 00 00 00 00 0e 29 02 47 GetCommodityRead reply: electricity consumed (W, Wh)=rate=242 cumulative=0 (estimated), total energy storage capacity (Wh)=rate=0 cumulative=12011 (estimated), present energy storage capacity (Wh)=rate=0 cumulative=3625 (estimated)
08:41:27.830 TX 06 00                        link reply
08:41:35.282 RX 08 01 00 00 7e cd            supported query 08 01
08:41:35.372 TX 06 00                        link reply
08:41:35.586 RX 08 02 00 00 7a d0            supported query 08 02
08:41:35.667 TX 06 00                        link reply
08:41:35.890 RX 08 03 00 00 76 d3            supported query 08 03
08:41:35.974 TX 06 00                        link reply
08:41:36.193 RX 08 03 00 02 18 00 ba 75      max payload query
08:41:36.283 TX 06 00                        link reply
08:41:37.278 TX 08 03 00 02 19 07 a9 7e      Max payload response
08:41:37.296 RX 06 00                        link ACK
08:41:40.432 TX 08 01 00 02 0e 01 e2 58      Outside comm status: good
08:41:40.445 RX 06 00                        link ACK
08:41:40.653 RX 08 01 00 02 03 0e e9 4f      app ACK of opcode 0x0E
08:41:40.745 TX 06 00                        link reply
08:41:41.463 TX 08 01 00 02 12 00 d8 5f      Query operational state
08:41:41.484 RX 06 00                        link ACK
08:41:41.676 RX 08 01 00 02 13 01 d3 62      operational state 1 (Running Normal)
08:41:41.760 TX 06 00                        link reply
08:41:42.509 TX 08 02 00 02 06 00 f6 4c      GetCommodityRead
08:41:42.524 RX 06 00                        link ACK
08:41:42.747 RX 08 02 00 2a 06 80 00 00 00 00 00 00 00 f2 00 00 00 00 00 00 06 00 00 00 00 00 00 00 00 00 00 2e eb 07 00 00 00 00 00 00 00 00 00 00 0e 05 4a 23 GetCommodityRead reply: electricity consumed (W, Wh)=rate=242 cumulative=0 (estimated), total energy storage capacity (Wh)=rate=0 cumulative=12011 (estimated), present energy storage capacity (Wh)=rate=0 cumulative=3589 (estimated)
08:41:42.836 TX 06 00                        link reply
08:41:50.325 RX 08 01 00 00 7e cd            supported query 08 01
08:41:50.413 TX 06 00                        link reply
08:41:50.629 RX 08 02 00 00 7a d0            supported query 08 02
08:41:50.709 TX 06 00                        link reply
08:41:50.933 RX 08 03 00 00 76 d3            supported query 08 03
08:41:51.021 TX 06 00                        link reply
08:41:51.238 RX 08 03 00 02 18 00 ba 75      max payload query
08:41:51.313 TX 06 00                        link reply
08:41:52.322 TX 08 03 00 02 19 07 a9 7e      Max payload response
08:41:52.340 RX 06 00                        link ACK
08:41:55.436 TX 08 01 00 02 0e 01 e2 58      Outside comm status: good
08:41:55.457 RX 06 00                        link ACK
08:41:55.649 RX 08 01 00 02 03 0e e9 4f      app ACK of opcode 0x0E
08:41:55.732 TX 06 00                        link reply
08:41:56.477 TX 08 01 00 02 12 00 d8 5f      Query operational state
08:41:56.496 RX 06 00                        link ACK
08:41:56.704 RX 08 01 00 02 13 01 d3 62      operational state 1 (Running Normal)
08:41:56.788 TX 06 00                        link reply
08:41:57.517 TX 08 02 00 02 06 00 f6 4c      GetCommodityRead
08:41:57.535 RX 06 00                        link ACK
08:41:57.759 RX 08 02 00 2a 06 80 00 00 00 00 00 00 00 f2 00 00 00 00 00 00 06 00 00 00 00 00 00 00 00 00 00 2e eb 07 00 00 00 00 00 00 00 00 00 00 0e 29 02 47 GetCommodityRead reply: electricity consumed (W, Wh)=rate=242 cumulative=0 (estimated), total energy storage capacity (Wh)=rate=0 cumulative=12011 (estimated), present energy storage capacity (Wh)=rate=0 cumulative=3625 (estimated)
08:41:57.844 TX 06 00                        link reply
08:42:05.353 RX 08 01 00 00 7e cd            supported query 08 01
08:42:05.433 TX 06 00                        link reply
08:42:05.656 RX 08 02 00 00 7a d0            supported query 08 02
08:42:05.744 TX 06 00                        link reply
08:42:05.960 RX 08 03 00 00 76 d3            supported query 08 03
08:42:06.040 TX 06 00                        link reply
08:42:06.264 RX 08 03 00 02 18 00 ba 75      max payload query
08:42:06.353 TX 06 00                        link reply
08:42:07.348 TX 08 03 00 02 19 07 a9 7e      Max payload response
08:42:07.367 RX 06 00                        link ACK
08:42:10.449 TX 08 01 00 02 0e 01 e2 58      Outside comm status: good
08:42:10.468 RX 06 00                        link ACK
08:42:10.676 RX 08 01 00 02 03 0e e9 4f      app ACK of opcode 0x0E
08:42:10.743 TX 06 00                        link reply
08:42:11.489 TX 08 01 00 02 12 00 d8 5f      Query operational state
08:42:11.507 RX 06 00                        link ACK
08:42:11.715 RX 08 01 00 02 13 01 d3 62      operational state 1 (Running Normal)
08:42:11.800 TX 06 00                        link reply
08:42:12.529 TX 08 02 00 02 06 00 f6 4c      GetCommodityRead
08:42:12.546 RX 06 00                        link ACK
08:42:12.770 RX 08 02 00 2a 06 80 00 00 00 00 00 00 00 f2 00 00 00 00 00 00 06 00 00 00 00 00 00 00 00 00 00 2e eb 07 00 00 00 00 00 00 00 00 00 00 0d f2 71 0f GetCommodityRead reply: electricity consumed (W, Wh)=rate=242 cumulative=0 (estimated), total energy storage capacity (Wh)=rate=0 cumulative=12011 (estimated), present energy storage capacity (Wh)=rate=0 cumulative=3570 (estimated)
08:42:12.856 TX 06 00                        link reply
08:42:20.380 RX 08 01 00 00 7e cd            supported query 08 01
08:42:20.463 TX 06 00                        link reply
08:42:20.684 RX 08 02 00 00 7a d0            supported query 08 02
08:42:20.774 TX 06 00                        link reply
08:42:20.987 RX 08 03 00 00 76 d3            supported query 08 03
08:42:21.069 TX 06 00                        link reply
08:42:21.291 RX 08 03 00 02 18 00 ba 75      max payload query
08:42:21.369 TX 06 00                        link reply
08:42:22.378 TX 08 03 00 02 19 07 a9 7e      Max payload response
08:42:22.394 RX 06 00                        link ACK
08:42:25.456 TX 08 01 00 02 0e 01 e2 58      Outside comm status: good
08:42:25.479 RX 06 00                        link ACK
08:42:25.671 RX 08 01 00 02 03 0e e9 4f      app ACK of opcode 0x0E
08:42:25.753 TX 06 00                        link reply
08:42:26.483 TX 08 01 00 02 12 00 d8 5f      Query operational state
08:42:26.502 RX 06 00                        link ACK
08:42:26.710 RX 08 01 00 02 13 01 d3 62      operational state 1 (Running Normal)
08:42:26.776 TX 06 00                        link reply
08:42:27.522 TX 08 02 00 02 06 00 f6 4c      GetCommodityRead
08:42:27.541 RX 06 00                        link ACK
08:42:27.765 RX 08 02 00 2a 06 80 00 00 00 00 00 00 00 f2 00 00 00 00 00 00 06 00 00 00 00 00 00 00 00 00 00 2e eb 07 00 00 00 00 00 00 00 00 00 00 0d f2 71 0f GetCommodityRead reply: electricity consumed (W, Wh)=rate=242 cumulative=0 (estimated), total energy storage capacity (Wh)=rate=0 cumulative=12011 (estimated), present energy storage capacity (Wh)=rate=0 cumulative=3570 (estimated)
08:42:27.851 TX 06 00                        link reply
08:42:35.423 RX 08 01 00 00 7e cd            supported query 08 01
08:42:35.514 TX 06 00                        link reply
08:42:35.726 RX 08 02 00 00 7a d0            supported query 08 02
08:42:35.804 TX 06 00                        link reply
08:42:36.014 RX 08 03 00 00 76 d3            supported query 08 03
08:42:36.098 TX 06 00                        link reply
08:42:36.318 RX 08 03 00 02 18 00 ba 75      max payload query
08:42:36.409 TX 06 00                        link reply
08:42:37.408 TX 08 03 00 02 19 07 a9 7e      Max payload response
08:42:37.422 RX 06 00                        link ACK
08:42:40.466 TX 08 01 00 02 0e 01 e2 58      Outside comm status: good
08:42:40.474 RX 06 00                        link ACK
08:42:40.682 RX 08 01 00 02 03 0e e9 4f      app ACK of opcode 0x0E
08:42:40.762 TX 06 00                        link reply
08:42:41.501 TX 08 01 00 02 12 00 d8 5f      Query operational state
08:42:41.513 RX 06 00                        link ACK
08:42:41.722 RX 08 01 00 02 13 01 d3 62      operational state 1 (Running Normal)
08:42:41.814 TX 06 00                        link reply
08:42:42.542 TX 08 02 00 02 06 00 f6 4c      GetCommodityRead
08:42:42.552 RX 06 00                        link ACK
08:42:42.776 RX 08 02 00 2a 06 80 00 00 00 00 00 00 00 f2 00 00 00 00 00 00 06 00 00 00 00 00 00 00 00 00 00 2e eb 07 00 00 00 00 00 00 00 00 00 00 0e 05 4a 23 GetCommodityRead reply: electricity consumed (W, Wh)=rate=242 cumulative=0 (estimated), total energy storage capacity (Wh)=rate=0 cumulative=12011 (estimated), present energy storage capacity (Wh)=rate=0 cumulative=3589 (estimated)
08:42:42.854 TX 06 00                        link reply
08:42:50.450 RX 08 01 00 00 7e cd            supported query 08 01
08:42:50.540 TX 06 00                        link reply
08:42:50.754 RX 08 02 00 00 7a d0            supported query 08 02
08:42:50.834 TX 06 00                        link reply
08:42:51.057 RX 08 03 00 00 76 d3            supported query 08 03
08:42:51.146 TX 06 00                        link reply
08:42:51.361 RX 08 03 00 02 18 00 ba 75      max payload query
08:42:51.440 TX 06 00                        link reply
08:42:52.451 TX 08 03 00 02 19 07 a9 7e      Max payload response
08:42:52.464 RX 06 00                        link ACK
08:42:55.482 TX 08 01 00 02 0e 01 e2 58      Outside comm status: good
08:42:55.502 RX 06 00                        link ACK
08:42:55.709 RX 08 01 00 02 03 0e e9 4f      app ACK of opcode 0x0E
08:42:55.776 TX 06 00                        link reply
08:42:56.532 TX 08 01 00 02 12 00 d8 5f      Query operational state
08:42:56.540 RX 06 00                        link ACK
08:42:56.748 RX 08 01 00 02 13 01 d3 62      operational state 1 (Running Normal)
08:42:56.832 TX 06 00                        link reply
08:42:57.560 TX 08 02 00 02 06 00 f6 4c      GetCommodityRead
08:42:57.579 RX 06 00                        link ACK
08:42:57.803 RX 08 02 00 2a 06 80 00 00 00 00 00 00 00 f2 00 00 00 00 00 00 06 00 00 00 00 00 00 00 00 00 00 2e eb 07 00 00 00 00 00 00 00 00 00 00 0d ce b9 ea GetCommodityRead reply: electricity consumed (W, Wh)=rate=242 cumulative=0 (estimated), total energy storage capacity (Wh)=rate=0 cumulative=12011 (estimated), present energy storage capacity (Wh)=rate=0 cumulative=3534 (estimated)
08:42:57.887 TX 06 00                        link reply
08:43:05.492 RX 08 01 00 00 7e cd            supported query 08 01
08:43:05.567 TX 06 00                        link reply
08:43:05.780 RX 08 02 00 00 7a d0            supported query 08 02
08:43:05.864 TX 06 00                        link reply
08:43:06.084 RX 08 03 00 00 76 d3            supported query 08 03
08:43:06.175 TX 06 00                        link reply
08:43:06.388 RX 08 03 00 02 18 00 ba 75      max payload query
08:43:06.467 TX 06 00                        link reply
08:43:07.477 TX 08 03 00 02 19 07 a9 7e      Max payload response
08:43:07.491 RX 06 00                        link ACK
08:43:10.495 TX 08 01 00 02 0e 01 e2 58      Outside comm status: good
08:43:10.512 RX 06 00                        link ACK
08:43:10.720 RX 08 01 00 02 03 0e e9 4f      app ACK of opcode 0x0E
08:43:10.805 TX 06 00                        link reply
08:43:11.536 TX 08 01 00 02 12 00 d8 5f      Query operational state
08:43:11.551 RX 06 00                        link ACK
08:43:11.759 RX 08 01 00 02 13 01 d3 62      operational state 1 (Running Normal)
08:43:11.849 TX 06 00                        link reply
08:43:12.578 TX 08 02 00 02 06 00 f6 4c      GetCommodityRead
08:43:12.591 RX 06 00                        link ACK
08:43:12.814 RX 08 02 00 2a 06 80 00 00 00 00 00 00 00 f2 00 00 00 00 00 00 06 00 00 00 00 00 00 00 00 00 00 2e eb 07 00 00 00 00 00 00 00 00 00 00 0d bc dd d8 GetCommodityRead reply: electricity consumed (W, Wh)=rate=242 cumulative=0 (estimated), total energy storage capacity (Wh)=rate=0 cumulative=12011 (estimated), present energy storage capacity (Wh)=rate=0 cumulative=3516 (estimated)
08:43:12.912 TX 06 00                        link reply
08:43:20.519 RX 08 01 00 00 7e cd            supported query 08 01
08:43:20.611 TX 06 00                        link reply
08:43:20.823 RX 08 02 00 00 7a d0            supported query 08 02
08:43:20.905 TX 06 00                        link reply
08:43:21.127 RX 08 03 00 00 76 d3            supported query 08 03
08:43:21.203 TX 06 00                        link reply
08:43:21.415 RX 08 03 00 02 18 00 ba 75      max payload query
08:43:21.498 TX 06 00                        link reply
08:43:22.498 TX 08 03 00 02 19 07 a9 7e      Max payload response
08:43:22.518 RX 06 00                        link ACK
08:43:25.509 TX 08 01 00 02 0e 01 e2 58      Outside comm status: good
08:43:25.524 RX 06 00                        link ACK
08:43:25.731 RX 08 01 00 02 03 0e e9 4f      app ACK of opcode 0x0E
08:43:25.820 TX 06 00                        link reply
08:43:26.544 TX 08 01 00 02 12 00 d8 5f      Query operational state
08:43:26.562 RX 06 00                        link ACK
08:43:26.771 RX 08 01 00 02 13 01 d3 62      operational state 1 (Running Normal)
08:43:26.858 TX 06 00                        link reply
08:43:27.585 TX 08 02 00 02 06 00 f6 4c      GetCommodityRead
08:43:27.601 RX 06 00                        link ACK
08:43:27.825 RX 08 02 00 2a 06 80 00 00 00 00 00 00 00 f2 00 00 00 00 00 00 06 00 00 00 00 00 00 00 00 00 00 2e eb 07 00 00 00 00 00 00 00 00 00 00 0d e0 95 fc GetCommodityRead reply: electricity consumed (W, Wh)=rate=242 cumulative=0 (estimated), total energy storage capacity (Wh)=rate=0 cumulative=12011 (estimated), present energy storage capacity (Wh)=rate=0 cumulative=3552 (estimated)
08:43:27.916 TX 06 00                        link reply
08:43:35.547 RX 08 01 00 00 7e cd            supported query 08 01
08:43:35.624 TX 06 00                        link reply
08:43:35.834 RX 08 02 00 00 7a d0            supported query 08 02
08:43:35.921 TX 06 00                        link reply
08:43:36.138 RX 08 03 00 00 76 d3            supported query 08 03
08:43:36.216 TX 06 00                        link reply
08:43:36.442 RX 08 03 00 02 18 00 ba 75      max payload query
08:43:36.511 TX 06 00                        link reply
08:43:37.505 TX 08 03 00 02 19 07 a9 7e      Max payload response
08:43:37.513 RX 06 00                        link ACK
08:43:40.523 TX 08 01 00 02 0e 01 e2 58      Outside comm status: good
08:43:40.534 RX 06 00                        link ACK
08:43:40.744 RX 08 01 00 02 03 0e e9 4f      app ACK of opcode 0x0E
08:43:40.824 TX 06 00                        link reply
08:43:41.553 TX 08 01 00 02 12 00 d8 5f      Query operational state
08:43:41.574 RX 06 00                        link ACK
08:43:41.765 RX 08 01 00 02 13 01 d3 62      operational state 1 (Running Normal)
08:43:41.848 TX 06 00                        link reply
08:43:42.592 TX 08 02 00 02 06 00 f6 4c      GetCommodityRead
08:43:42.613 RX 06 00                        link ACK
08:43:42.837 RX 08 02 00 2a 06 80 00 00 00 00 00 00 00 f2 00 00 00 00 00 00 06 00 00 00 00 00 00 00 00 00 00 2e eb 07 00 00 00 00 00 00 00 00 00 00 0d bc dd d8 GetCommodityRead reply: electricity consumed (W, Wh)=rate=242 cumulative=0 (estimated), total energy storage capacity (Wh)=rate=0 cumulative=12011 (estimated), present energy storage capacity (Wh)=rate=0 cumulative=3516 (estimated)
08:43:42.918 TX 06 00                        link reply
08:43:50.574 RX 08 01 00 00 7e cd            supported query 08 01
08:43:50.654 TX 06 00                        link reply
08:43:50.878 RX 08 02 00 00 7a d0            supported query 08 02
08:43:50.961 TX 06 00                        link reply
08:43:51.182 RX 08 03 00 00 76 d3            supported query 08 03
08:43:51.260 TX 06 00                        link reply
08:43:51.485 RX 08 03 00 02 18 00 ba 75      max payload query
08:43:51.573 TX 06 00                        link reply
08:43:52.571 TX 08 03 00 02 19 07 a9 7e      Max payload response
08:43:52.588 RX 06 00                        link ACK
08:43:55.529 TX 08 01 00 02 0e 01 e2 58      Outside comm status: good
08:43:55.546 RX 06 00                        link ACK
08:43:55.753 RX 08 01 00 02 03 0e e9 4f      app ACK of opcode 0x0E
08:43:55.841 TX 06 00                        link reply
08:43:56.571 TX 08 01 00 02 12 00 d8 5f      Query operational state
08:43:56.585 RX 06 00                        link ACK
08:43:56.793 RX 08 01 00 02 13 01 d3 62      operational state 1 (Running Normal)
08:43:56.881 TX 06 00                        link reply
08:43:57.612 TX 08 02 00 02 06 00 f6 4c      GetCommodityRead
08:43:57.624 RX 06 00                        link ACK
08:43:57.847 RX 08 02 00 2a 06 80 00 00 00 00 00 00 00 f2 00 00 00 00 00 00 06 00 00 00 00 00 00 00 00 00 00 2e eb 07 00 00 00 00 00 00 00 00 00 00 0d aa 02 c6 GetCommodityRead reply: electricity consumed (W, Wh)=rate=242 cumulative=0 (estimated), total energy storage capacity (Wh)=rate=0 cumulative=12011 (estimated), present energy storage capacity (Wh)=rate=0 cumulative=3498 (estimated)
08:43:57.940 TX 06 00                        link reply
08:44:05.618 RX 08 01 00 00 7e cd            supported query 08 01
08:44:05.701 TX 06 00                        link reply
08:44:05.921 RX 08 02 00 00 7a d0            supported query 08 02
08:44:06.013 TX 06 00                        link reply
08:44:06.227 RX 08 03 00 00 76 d3            supported query 08 03
08:44:06.304 TX 06 00                        link reply
08:44:06.528 RX 08 03 00 02 18 00 ba 75      max payload query
08:44:06.611 TX 06 00                        link reply
08:44:07.620 TX 08 03 00 02 19 07 a9 7e      Max payload response
08:44:07.631 RX 06 00                        link ACK
08:44:10.532 TX 08 01 00 02 0e 01 e2 58      Outside comm status: good
08:44:10.540 RX 06 00                        link ACK
08:44:10.748 RX 08 01 00 02 03 0e e9 4f      app ACK of opcode 0x0E
08:44:10.829 TX 06 00                        link reply
08:44:11.558 TX 08 01 00 02 12 00 d8 5f      Query operational state
08:44:11.580 RX 06 00                        link ACK
08:44:11.772 RX 08 01 00 02 13 01 d3 62      operational state 1 (Running Normal)
08:44:11.850 TX 06 00                        link reply
08:44:12.598 TX 08 02 00 02 06 00 f6 4c      GetCommodityRead
08:44:12.619 RX 06 00                        link ACK
08:44:12.844 RX 08 02 00 2a 06 80 00 00 00 00 00 00 00 f2 00 00 00 00 00 00 06 00 00 00 00 00 00 00 00 00 00 2e eb 07 00 00 00 00 00 00 00 00 00 00 0d bc dd d8 GetCommodityRead reply: electricity consumed (W, Wh)=rate=242 cumulative=0 (estimated), total energy storage capacity (Wh)=rate=0 cumulative=12011 (estimated), present energy storage capacity (Wh)=rate=0 cumulative=3516 (estimated)
08:44:12.926 TX 06 00                        link reply
08:44:20.644 RX 08 01 00 00 7e cd            supported query 08 01
08:44:20.722 TX 06 00                        link reply
08:44:20.932 RX 08 02 00 00 7a d0            supported query 08 02
08:44:21.017 TX 06 00                        link reply
08:44:21.235 RX 08 03 00 00 76 d3            supported query 08 03
08:44:21.324 TX 06 00                        link reply
08:44:21.540 RX 08 03 00 02 18 00 ba 75      max payload query
08:44:21.621 TX 06 00                        link reply
08:44:22.618 TX 08 03 00 02 19 07 a9 7e      Max payload response
08:44:22.643 RX 06 00                        link ACK
08:44:25.543 TX 08 01 00 02 0e 01 e2 58      Outside comm status: good
08:44:25.552 RX 06 00                        link ACK
08:44:25.760 RX 08 01 00 02 03 0e e9 4f      app ACK of opcode 0x0E
08:44:25.842 TX 06 00                        link reply
08:44:26.569 TX 08 01 00 02 12 00 d8 5f      Query operational state
08:44:26.591 RX 06 00                        link ACK
08:44:26.783 RX 08 01 00 02 13 01 d3 62      operational state 1 (Running Normal)
08:44:26.863 TX 06 00                        link reply
08:44:27.610 TX 08 02 00 02 06 00 f6 4c      GetCommodityRead
08:44:27.630 RX 06 00                        link ACK
08:44:27.855 RX 08 02 00 2a 06 80 00 00 00 00 00 00 00 f2 00 00 00 00 00 00 06 00 00 00 00 00 00 00 00 00 00 2e eb 07 00 00 00 00 00 00 00 00 00 00 0d 98 26 b4 GetCommodityRead reply: electricity consumed (W, Wh)=rate=242 cumulative=0 (estimated), total energy storage capacity (Wh)=rate=0 cumulative=12011 (estimated), present energy storage capacity (Wh)=rate=0 cumulative=3480 (estimated)
08:44:27.936 TX 06 00                        link reply
08:44:35.671 RX 08 01 00 00 7e cd            supported query 08 01
08:44:35.749 TX 06 00                        link reply
08:44:35.959 RX 08 02 00 00 7a d0            supported query 08 02
08:44:36.046 TX 06 00                        link reply
08:44:36.263 RX 08 03 00 00 76 d3            supported query 08 03
08:44:36.340 TX 06 00                        link reply
08:44:36.551 RX 08 03 00 02 18 00 ba 75      max payload query
08:44:36.634 TX 06 00                        link reply
08:44:37.646 TX 08 03 00 02 19 07 a9 7e      Max payload response
08:44:37.658 RX 06 00                        link ACK
08:44:40.552 TX 08 01 00 02 0e 01 e2 58      Outside comm status: good
08:44:40.563 RX 06 00                        link ACK
08:44:40.771 RX 08 01 00 02 03 0e e9 4f      app ACK of opcode 0x0E
08:44:40.849 TX 06 00                        link reply
08:44:41.590 TX 08 01 00 02 12 00 d8 5f      Query operational state
08:44:41.602 RX 06 00                        link ACK
08:44:41.810 RX 08 01 00 02 13 01 d3 62      operational state 1 (Running Normal)
08:44:41.901 TX 06 00                        link reply
08:44:42.633 TX 08 02 00 02 06 00 f6 4c      GetCommodityRead
08:44:42.657 RX 06 00                        link ACK
08:44:42.881 RX 08 02 00 2a 06 80 00 00 00 00 00 00 00 f2 00 00 00 00 00 00 06 00 00 00 00 00 00 00 00 00 00 2e eb 07 00 00 00 00 00 00 00 00 00 00 0d aa 02 c6 GetCommodityRead reply: electricity consumed (W, Wh)=rate=242 cumulative=0 (estimated), total energy storage capacity (Wh)=rate=0 cumulative=12011 (estimated), present energy storage capacity (Wh)=rate=0 cumulative=3498 (estimated)
08:44:42.960 TX 06 00                        link reply
08:44:50.714 RX 08 01 00 00 7e cd            supported query 08 01
08:44:50.790 TX 06 00                        link reply
08:44:51.002 RX 08 02 00 00 7a d0            supported query 08 02
08:44:51.085 TX 06 00                        link reply
08:44:51.305 RX 08 03 00 00 76 d3            supported query 08 03
08:44:51.397 TX 06 00                        link reply
08:44:51.610 RX 08 03 00 02 18 00 ba 75      max payload query
08:44:51.693 TX 06 00                        link reply
08:44:52.693 TX 08 03 00 02 19 07 a9 7e      Max payload response
08:44:52.713 RX 06 00                        link ACK
08:44:55.555 TX 08 01 00 02 0e 01 e2 58      Outside comm status: good
08:44:55.574 RX 06 00                        link ACK
08:44:55.782 RX 08 01 00 02 03 0e e9 4f      app ACK of opcode 0x0E
08:44:55.868 TX 06 00                        link reply
08:44:56.601 TX 08 01 00 02 12 00 d8 5f      Query operational state
08:44:56.613 RX 06 00                        link ACK
08:44:56.820 RX 08 01 00 02 13 01 d3 62      operational state 1 (Running Normal)
08:44:56.910 TX 06 00                        link reply
08:44:57.642 TX 08 02 00 02 06 00 f6 4c      GetCommodityRead
08:44:57.652 RX 06 00                        link ACK
08:44:57.876 RX 08 02 00 2a 06 80 00 00 00 00 00 00 00 f2 00 00 00 00 00 00 06 00 00 00 00 00 00 00 00 00 00 2e eb 07 00 00 00 00 00 00 00 00 00 00 0d 98 26 b4 GetCommodityRead reply: electricity consumed (W, Wh)=rate=242 cumulative=0 (estimated), total energy storage capacity (Wh)=rate=0 cumulative=12011 (estimated), present energy storage capacity (Wh)=rate=0 cumulative=3480 (estimated)
08:44:57.957 TX 06 00                        link reply
08:45:05.742 RX 08 01 00 00 7e cd            supported query 08 01
08:45:05.830 TX 06 00                        link reply
08:45:06.045 RX 08 02 00 00 7a d0            supported query 08 02
08:45:06.128 TX 06 00                        link reply
08:45:06.348 RX 08 03 00 00 76 d3            supported query 08 03
08:45:06.438 TX 06 00                        link reply
08:45:06.653 RX 08 03 00 02 18 00 ba 75      max payload query
08:45:06.734 TX 06 00                        link reply
08:45:07.731 TX 08 03 00 02 19 07 a9 7e      Max payload response
08:45:07.739 RX 06 00                        link ACK
08:45:10.566 TX 08 01 00 02 0e 01 e2 58      Outside comm status: good
08:45:10.585 RX 06 00                        link ACK
08:45:10.793 RX 08 01 00 02 03 0e e9 4f      app ACK of opcode 0x0E
08:45:10.883 TX 06 00                        link reply
08:45:11.614 TX 08 01 00 02 12 00 d8 5f      Query operational state
08:45:11.624 RX 06 00                        link ACK
08:45:11.832 RX 08 01 00 02 13 01 d3 62      operational state 1 (Running Normal)
08:45:11.910 TX 06 00                        link reply
08:45:12.642 TX 08 02 00 02 06 00 f6 4c      GetCommodityRead
08:45:12.663 RX 06 00                        link ACK
08:45:12.887 RX 08 02 00 2a 06 80 00 00 00 00 00 00 00 f2 00 00 00 00 00 00 06 00 00 00 00 00 00 00 00 00 00 2e eb 07 00 00 00 00 00 00 00 00 00 00 0d 98 26 b4 GetCommodityRead reply: electricity consumed (W, Wh)=rate=242 cumulative=0 (estimated), total energy storage capacity (Wh)=rate=0 cumulative=12011 (estimated), present energy storage capacity (Wh)=rate=0 cumulative=3480 (estimated)
08:45:12.969 TX 06 00                        link reply
08:45:20.768 RX 08 01 00 00 7e cd            supported query 08 01
08:45:20.850 TX 06 00                        link reply
08:45:21.072 RX 08 02 00 00 7a d0            supported query 08 02
08:45:21.163 TX 06 00                        link reply
08:45:21.376 RX 08 03 00 00 76 d3            supported query 08 03
08:45:21.460 TX 06 00                        link reply
08:45:21.679 RX 08 03 00 02 18 00 ba 75      max payload query
08:45:21.768 TX 06 00                        link reply
08:45:22.767 TX 08 03 00 02 19 07 a9 7e      Max payload response
08:45:22.782 RX 06 00                        link ACK
08:45:25.571 TX 08 01 00 02 0e 01 e2 58      Outside comm status: good
08:45:25.580 RX 06 00                        link ACK
08:45:25.788 RX 08 01 00 02 03 0e e9 4f      app ACK of opcode 0x0E
08:45:25.866 TX 06 00                        link reply
08:45:26.597 TX 08 01 00 02 12 00 d8 5f      Query operational state
08:45:26.619 RX 06 00                        link ACK
08:45:26.811 RX 08 01 00 02 13 01 d3 62      operational state 1 (Running Normal)
08:45:26.891 TX 06 00                        link reply
08:45:27.642 TX 08 02 00 02 06 00 f6 4c      GetCommodityRead
08:45:27.659 RX 06 00                        link ACK
08:45:27.882 RX 08 02 00 2a 06 80 00 00 00 00 00 00 00 f2 00 00 00 00 00 00 06 00 00 00 00 00 00 00 00 00 00 2e eb 07 00 00 00 00 00 00 00 00 00 00 0d 86 4a a2 GetCommodityRead reply: electricity consumed (W, Wh)=rate=242 cumulative=0 (estimated), total energy storage capacity (Wh)=rate=0 cumulative=12011 (estimated), present energy storage capacity (Wh)=rate=0 cumulative=3462 (estimated)
08:45:27.965 TX 06 00                        link reply
08:45:35.812 RX 08 01 00 00 7e cd            supported query 08 01
08:45:35.889 TX 06 00                        link reply
08:45:36.099 RX 08 02 00 00 7a d0            supported query 08 02
08:45:36.187 TX 06 00                        link reply
08:45:36.402 RX 08 03 00 00 76 d3            supported query 08 03
08:45:36.483 TX 06 00                        link reply
08:45:36.706 RX 08 03 00 02 18 00 ba 75      max payload query
08:45:36.794 TX 06 00                        link reply
08:45:37.792 TX 08 03 00 02 19 07 a9 7e      Max payload response
08:45:37.811 RX 06 00                        link ACK
08:45:40.572 TX 08 01 00 02 0e 01 e2 58      Outside comm status: good
08:45:40.591 RX 06 00                        link ACK
08:45:40.799 RX 08 01 00 02 03 0e e9 4f      app ACK of opcode 0x0E
08:45:40.884 TX 06 00                        link reply
08:45:41.616 TX 08 01 00 02 12 00 d8 5f      Query operational state
08:45:41.630 RX 06 00                        link ACK
08:45:41.838 RX 08 01 00 02 13 01 d3 62      operational state 1 (Running Normal)
08:45:41.928 TX 06 00                        link reply
08:45:42.660 TX 08 02 00 02 06 00 f6 4c      GetCommodityRead
08:45:42.669 RX 06 00                        link ACK
08:45:42.909 RX 08 02 00 2a 06 80 00 00 00 00 00 00 00 f2 00 00 00 00 00 00 06 00 00 00 00 00 00 00 00 00 00 2e eb 07 00 00 00 00 00 00 00 00 00 00 0d 98 26 b4 GetCommodityRead reply: electricity consumed (W, Wh)=rate=242 cumulative=0 (estimated), total energy storage capacity (Wh)=rate=0 cumulative=12011 (estimated), present energy storage capacity (Wh)=rate=0 cumulative=3480 (estimated)
08:45:42.974 TX 06 00                        link reply
08:45:50.838 RX 08 01 00 00 7e cd            supported query 08 01
08:45:50.919 TX 06 00                        link reply
08:45:51.142 RX 08 02 00 00 7a d0            supported query 08 02
08:45:51.214 TX 06 00                        link reply
08:45:51.429 RX 08 03 00 00 76 d3            supported query 08 03
08:45:51.506 TX 06 00                        link reply
08:45:51.732 RX 08 03 00 02 18 00 ba 75      max payload query
08:45:51.806 TX 06 00                        link reply
08:45:52.800 TX 08 03 00 02 19 07 a9 7e      Max payload response
08:45:52.819 RX 06 00                        link ACK
08:45:55.585 TX 08 01 00 02 0e 01 e2 58      Outside comm status: good
08:45:55.602 RX 06 00                        link ACK
08:45:55.811 RX 08 01 00 02 03 0e e9 4f      app ACK of opcode 0x0E
08:45:55.897 TX 06 00                        link reply
08:45:56.628 TX 08 01 00 02 12 00 d8 5f      Query operational state
08:45:56.645 RX 06 00                        link ACK
08:45:56.848 RX 08 01 00 02 13 01 d3 62      operational state 1 (Running Normal)
08:45:56.938 TX 06 00                        link reply
08:45:57.670 TX 08 02 00 02 06 00 f6 4c      GetCommodityRead
08:45:57.680 RX 06 00                        link ACK
08:45:57.903 RX 08 02 00 2a 06 80 00 00 00 00 00 00 00 f2 00 00 00 00 00 00 06 00 00 00 00 00 00 00 00 00 00 2e eb 07 00 00 00 00 00 00 00 00 00 00 0d 74 6e 90 GetCommodityRead reply: electricity consumed (W, Wh)=rate=242 cumulative=0 (estimated), total energy storage capacity (Wh)=rate=0 cumulative=12011 (estimated), present energy storage capacity (Wh)=rate=0 cumulative=3444 (estimated)
08:45:57.995 TX 06 00                        link reply
08:46:05.864 RX 08 01 00 00 7e cd            supported query 08 01
08:46:05.952 TX 06 00                        link reply
08:46:06.168 RX 08 02 00 00 7a d0            supported query 08 02
08:46:06.253 TX 06 00                        link reply
08:46:06.472 RX 08 03 00 00 76 d3            supported query 08 03
08:46:06.564 TX 06 00                        link reply
08:46:06.776 RX 08 03 00 02 18 00 ba 75      max payload query
08:46:06.862 TX 06 00                        link reply
08:46:07.860 TX 08 03 00 02 19 07 a9 7e      Max payload response
08:46:07.879 RX 06 00                        link ACK
08:46:10.585 TX 08 01 00 02 0e 01 e2 58      Outside comm status: good
08:46:10.597 RX 06 00                        link ACK
08:46:10.805 RX 08 01 00 02 03 0e e9 4f      app ACK of opcode 0x0E
08:46:10.882 TX 06 00                        link reply
08:46:11.616 TX 08 01 00 02 12 00 d8 5f      Query operational state
08:46:11.636 RX 06 00                        link ACK
08:46:11.828 RX 08 01 00 02 13 01 d3 62      operational state 1 (Running Normal)
08:46:11.913 TX 06 00                        link reply
08:46:12.661 TX 08 02 00 02 06 00 f6 4c      GetCommodityRead
08:46:12.675 RX 06 00                        link ACK
08:46:12.899 RX 08 02 00 2a 06 80 00 00 00 00 00 00 00 f2 00 00 00 00 00 00 06 00 00 00 00 00 00 00 00 00 00 2e eb 07 00 00 00 00 00 00 00 00 00 00 0d 62 92 7e GetCommodityRead reply: electricity consumed (W, Wh)=rate=242 cumulative=0 (estimated), total energy storage capacity (Wh)=rate=0 cumulative=12011 (estimated), present energy storage capacity (Wh)=rate=0 cumulative=3426 (estimated)
08:46:12.975 TX 06 00                        link reply
08:46:20.908 RX 08 01 00 00 7e cd            supported query 08 01
08:46:20.994 TX 06 00                        link reply
08:46:21.212 RX 08 02 00 00 7a d0            supported query 08 02
08:46:21.292 TX 06 00                        link reply
08:46:21.516 RX 08 03 00 00 76 d3            supported query 08 03
08:46:21.602 TX 06 00                        link reply
08:46:21.821 RX 08 03 00 02 18 00 ba 75      max payload query
08:46:21.897 TX 06 00                        link reply
08:46:22.912 TX 08 03 00 02 19 07 a9 7e      Max payload response
08:46:22.923 RX 06 00                        link ACK
08:46:25.593 TX 08 01 00 02 0e 01 e2 58      Outside comm status: good
08:46:25.608 RX 06 00                        link ACK
08:46:25.816 RX 08 01 00 02 03 0e e9 4f      app ACK of opcode 0x0E
08:46:25.901 TX 06 00                        link reply
08:46:26.634 TX 08 01 00 02 12 00 d8 5f      Query operational state
08:46:26.648 RX 06 00                        link ACK
08:46:26.855 RX 08 01 00 02 13 01 d3 62      operational state 1 (Running Normal)
08:46:26.932 TX 06 00                        link reply
08:46:27.666 TX 08 02 00 02 06 00 f6 4c      GetCommodityRead
08:46:27.687 RX 06 00                        link ACK
08:46:27.910 RX 08 02 00 2a 06 80 00 00 00 00 00 00 00 f2 00 00 00 00 00 00 06 00 00 00 00 00 00 00 00 00 00 2e eb 07 00 00 00 00 00 00 00 00 00 00 0d 50 b6 6c GetCommodityRead reply: electricity consumed (W, Wh)=rate=242 cumulative=0 (estimated), total energy storage capacity (Wh)=rate=0 cumulative=12011 (estimated), present energy storage capacity (Wh)=rate=0 cumulative=3408 (estimated)
08:46:27.992 TX 06 00                        link reply
08:46:35.936 RX 08 01 00 00 7e cd            supported query 08 01
08:46:36.016 TX 06 00                        link reply
08:46:36.239 RX 08 02 00 00 7a d0            supported query 08 02
08:46:36.326 TX 06 00                        link reply
08:46:36.543 RX 08 03 00 00 76 d3            supported query 08 03
08:46:36.632 TX 06 00                        link reply
08:46:36.846 RX 08 03 00 02 18 00 ba 75      max payload query
08:46:36.929 TX 06 00                        link reply
08:46:37.933 TX 08 03 00 02 19 07 a9 7e      Max payload response
08:46:37.951 RX 06 00                        link ACK
08:46:40.605 TX 08 01 00 02 0e 01 e2 58      Outside comm status: good
08:46:40.620 RX 06 00                        link ACK
08:46:40.827 RX 08 01 00 02 03 0e e9 4f      app ACK of opcode 0x0E
08:46:40.915 TX 06 00                        link reply
08:46:41.647 TX 08 01 00 02 12 00 d8 5f      Query operational state
08:46:41.658 RX 06 00                        link ACK
08:46:41.866 RX 08 01 00 02 13 01 d3 62      operational state 1 (Running Normal)
08:46:41.945 TX 06 00                        link reply
08:46:42.678 TX 08 02 00 02 06 00 f6 4c      GetCommodityRead
08:46:42.697 RX 06 00                        link ACK
08:46:42.921 RX 08 02 00 2a 06 80 00 00 00 00 00 00 00 f2 00 00 00 00 00 00 06 00 00 00 00 00 00 00 00 00 00 2e eb 07 00 00 00 00 00 00 00 00 00 00 0d 3e da 5a GetCommodityRead reply: electricity consumed (W, Wh)=rate=242 cumulative=0 (estimated), total energy storage capacity (Wh)=rate=0 cumulative=12011 (estimated), present energy storage capacity (Wh)=rate=0 cumulative=3390 (estimated)
08:46:43.007 TX 06 00                        link reply
08:46:50.963 RX 08 01 00 00 7e cd            supported query 08 01
08:46:51.041 TX 06 00                        link reply
08:46:51.250 RX 08 02 00 00 7a d0            supported query 08 02
08:46:51.336 TX 06 00                        link reply
08:46:51.554 RX 08 03 00 00 76 d3            supported query 08 03
08:46:51.631 TX 06 00                        link reply
08:46:51.841 RX 08 03 00 02 18 00 ba 75      max payload query
08:46:51.929 TX 06 00                        link reply
08:46:52.931 TX 08 03 00 02 19 07 a9 7e      Max payload response
08:46:52.945 RX 06 00                        link ACK
08:46:55.611 TX 08 01 00 02 0e 01 e2 58      Outside comm status: good
08:46:55.630 RX 06 00                        link ACK
08:46:55.838 RX 08 01 00 02 03 0e e9 4f      app ACK of opcode 0x0E
08:46:55.920 TX 06 00                        link reply
08:46:56.655 TX 08 01 00 02 12 00 d8 5f      Query operational state
08:46:56.688 RX 06 00                        link ACK
08:46:56.877 RX 08 01 00 02 13 01 d3 62      operational state 1 (Running Normal)
08:46:56.968 TX 06 00                        link reply
08:46:57.718 TX 08 02 00 02 06 00 f6 4c      GetCommodityRead
08:46:57.741 RX 06 00                        link ACK
08:46:57.964 RX 08 02 00 2a 06 80 00 00 00 00 00 00 00 f2 00 00 00 00 00 00 06 00 00 00 00 00 00 00 00 00 00 2e eb 07 00 00 00 00 00 00 00 00 00 00 0d 2c fe 48 GetCommodityRead reply: electricity consumed (W, Wh)=rate=242 cumulative=0 (estimated), total energy storage capacity (Wh)=rate=0 cumulative=12011 (estimated), present energy storage capacity (Wh)=rate=0 cumulative=3372 (estimated)
08:46:58.041 TX 06 00                        link reply
08:47:06.006 RX 08 01 00 00 7e cd            supported query 08 01
08:47:06.093 TX 06 00                        link reply
08:47:06.310 RX 08 02 00 00 7a d0            supported query 08 02
08:47:06.388 TX 06 00                        link reply
08:47:06.613 RX 08 03 00 00 76 d3            supported query 08 03
08:47:06.684 TX 06 00                        link reply
08:47:06.901 RX 08 03 00 02 18 00 ba 75      max payload query
08:47:06.979 TX 06 00                        link reply
08:47:07.979 TX 08 03 00 02 19 07 a9 7e      Max payload response
08:47:07.988 RX 06 00                        link ACK
08:47:10.612 TX 08 01 00 02 0e 01 e2 58      Outside comm status: good
08:47:10.627 RX 06 00                        link ACK
08:47:10.834 RX 08 01 00 02 03 0e e9 4f      app ACK of opcode 0x0E
08:47:10.925 TX 06 00                        link reply
08:47:11.655 TX 08 01 00 02 12 00 d8 5f      Query operational state
08:47:11.665 RX 06 00                        link ACK
08:47:11.873 RX 08 01 00 02 13 01 d3 62      operational state 1 (Running Normal)
08:47:11.951 TX 06 00                        link reply
08:47:12.684 TX 08 02 00 02 06 00 f6 4c      GetCommodityRead
08:47:12.704 RX 06 00                        link ACK
08:47:12.928 RX 08 02 00 2a 06 80 00 00 00 00 00 00 00 f2 00 00 00 00 00 00 06 00 00 00 00 00 00 00 00 00 00 2e eb 07 00 00 00 00 00 00 00 00 00 00 0d 3e da 5a GetCommodityRead reply: electricity consumed (W, Wh)=rate=242 cumulative=0 (estimated), total energy storage capacity (Wh)=rate=0 cumulative=12011 (estimated), present energy storage capacity (Wh)=rate=0 cumulative=3390 (estimated)
08:47:13.009 TX 06 00                        link reply
08:47:21.034 RX 08 01 00 00 7e cd            supported query 08 01
08:47:21.114 TX 06 00                        link reply
08:47:21.337 RX 08 02 00 00 7a d0            supported query 08 02
08:47:21.413 TX 06 00                        link reply
08:47:21.624 RX 08 03 00 00 76 d3            supported query 08 03
08:47:21.712 TX 06 00                        link reply
08:47:21.928 RX 08 03 00 02 18 00 ba 75      max payload query
08:47:22.005 TX 06 00                        link reply
08:47:23.018 TX 08 03 00 02 19 07 a9 7e      Max payload response
08:47:23.031 RX 06 00                        link ACK
08:47:25.621 TX 08 01 00 02 0e 01 e2 58      Outside comm status: good
08:47:25.639 RX 06 00                        link ACK
08:47:25.845 RX 08 01 00 02 03 0e e9 4f      app ACK of opcode 0x0E
08:47:25.930 TX 06 00                        link reply
08:47:26.664 TX 08 01 00 02 12 00 d8 5f      Query operational state
08:47:26.676 RX 06 00                        link ACK
08:47:26.883 RX 08 01 00 02 13 01 d3 62      operational state 1 (Running Normal)
08:47:26.973 TX 06 00                        link reply
08:47:27.695 TX 08 02 00 02 06 00 f6 4c      GetCommodityRead
08:47:27.715 RX 06 00                        link ACK
08:47:27.939 RX 08 02 00 2a 06 80 00 00 00 00 00 00 00 f2 00 00 00 00 00 00 06 00 00 00 00 00 00 00 00 00 00 2e eb 07 00 00 00 00 00 00 00 00 00 00 0d 50 b6 6c GetCommodityRead reply: electricity consumed (W, Wh)=rate=242 cumulative=0 (estimated), total energy storage capacity (Wh)=rate=0 cumulative=12011 (estimated), present energy storage capacity (Wh)=rate=0 cumulative=3408 (estimated)
08:47:28.023 TX 06 00                        link reply
08:47:35.068 RX 08 01 00 00 7e cd            supported query 08 01
08:47:35.149 TX 06 00                        link reply
08:47:35.373 RX 08 02 00 00 7a d0            supported query 08 02
08:47:35.459 TX 06 00                        link reply
08:47:35.676 RX 08 03 00 00 76 d3            supported query 08 03
08:47:35.756 TX 06 00                        link reply
08:47:35.980 RX 08 03 00 02 18 00 ba 75      max payload query
08:47:36.069 TX 06 00                        link reply
08:47:37.064 TX 08 03 00 02 19 07 a9 7e      Max payload response
08:47:37.083 RX 06 00                        link ACK
08:47:40.640 TX 08 01 00 02 0e 01 e2 58      Outside comm status: good
08:47:40.648 RX 06 00                        link ACK
08:47:40.856 RX 08 01 00 02 03 0e e9 4f      app ACK of opcode 0x0E
08:47:40.947 TX 06 00                        link reply
08:47:41.674 TX 08 01 00 02 12 00 d8 5f      Query operational state
08:47:41.687 RX 06 00                        link ACK
08:47:41.895 RX 08 01 00 02 13 01 d3 62      operational state 1 (Running Normal)
08:47:41.986 TX 06 00                        link reply
08:47:42.706 TX 08 02 00 02 06 00 f6 4c      GetCommodityRead
08:47:42.726 RX 06 00                        link ACK
08:47:42.950 RX 08 02 00 2a 06 80 00 00 00 00 00 00 00 f2 00 00 00 00 00 00 06 00 00 00 00 00 00 00 00 00 00 2e eb 07 00 00 00 00 00 00 00 00 00 00 0d 50 b6 6c GetCommodityRead reply: electricity consumed (W, Wh)=rate=242 cumulative=0 (estimated), total energy storage capacity (Wh)=rate=0 cumulative=12011 (estimated), present energy storage capacity (Wh)=rate=0 cumulative=3408 (estimated)
08:47:43.034 TX 06 00                        link reply
08:47:50.096 RX 08 01 00 00 7e cd            supported query 08 01
08:47:50.173 TX 06 00                        link reply
08:47:50.383 RX 08 02 00 00 7a d0            supported query 08 02
08:47:50.468 TX 06 00                        link reply
08:47:50.687 RX 08 03 00 00 76 d3            supported query 08 03
08:47:50.764 TX 06 00                        link reply
08:47:50.975 RX 08 03 00 02 18 00 ba 75      max payload query
08:47:51.062 TX 06 00                        link reply
08:47:52.061 TX 08 03 00 02 19 07 a9 7e      Max payload response
08:47:52.079 RX 06 00                        link ACK
08:47:55.644 TX 08 01 00 02 0e 01 e2 58      Outside comm status: good
08:47:55.659 RX 06 00                        link ACK
08:47:55.866 RX 08 01 00 02 03 0e e9 4f      app ACK of opcode 0x0E
08:47:55.955 TX 06 00                        link reply
08:47:56.689 TX 08 01 00 02 12 00 d8 5f      Query operational state
08:47:56.698 RX 06 00                        link ACK
08:47:56.905 RX 08 01 00 02 13 01 d3 62      operational state 1 (Running Normal)
08:47:56.982 TX 06 00                        link reply
08:47:57.719 TX 08 02 00 02 06 00 f6 4c      GetCommodityRead
08:47:57.737 RX 06 00                        link ACK
08:47:57.961 RX 08 02 00 2a 06 80 00 00 00 00 00 00 00 f2 00 00 00 00 00 00 06 00 00 00 00 00 00 00 00 00 00 2e eb 07 00 00 00 00 00 00 00 00 00 00 0d 3e da 5a GetCommodityRead reply: electricity consumed (W, Wh)=rate=242 cumulative=0 (estimated), total energy storage capacity (Wh)=rate=0 cumulative=12011 (estimated), present energy storage capacity (Wh)=rate=0 cumulative=3390 (estimated)
08:47:58.045 TX 06 00                        link reply
08:48:05.126 RX 08 01 00 00 7e cd            supported query 08 01
08:48:05.212 TX 06 00                        link reply
08:48:05.427 RX 08 02 00 00 7a d0            supported query 08 02
08:48:05.509 TX 06 00                        link reply
08:48:05.730 RX 08 03 00 00 76 d3            supported query 08 03
08:48:05.822 TX 06 00                        link reply
08:48:06.033 RX 08 03 00 02 18 00 ba 75      max payload query
08:48:06.117 TX 06 00                        link reply
08:48:07.115 TX 08 03 00 02 19 07 a9 7e      Max payload response
08:48:07.136 RX 06 00                        link ACK
08:48:10.650 TX 08 01 00 02 0e 01 e2 58      Outside comm status: good
08:48:10.669 RX 06 00                        link ACK
08:48:10.877 RX 08 01 00 02 03 0e e9 4f      app ACK of opcode 0x0E
08:48:10.961 TX 06 00                        link reply
08:48:11.696 TX 08 01 00 02 12 00 d8 5f      Query operational state
08:48:11.708 RX 06 00                        link ACK
08:48:11.916 RX 08 01 00 02 13 01 d3 62      operational state 1 (Running Normal)
08:48:12.007 TX 06 00                        link reply
08:48:12.739 TX 08 02 00 02 06 00 f6 4c      GetCommodityRead
08:48:12.747 RX 06 00                        link ACK
08:48:12.987 RX 08 02 00 2a 06 80 00 00 00 00 00 00 00 f2 00 00 00 00 00 00 06 00 00 00 00 00 00 00 00 00 00 2e eb 07 00 00 00 00 00 00 00 00 00 00 0d 2c fe 48 GetCommodityRead reply: electricity consumed (W, Wh)=rate=242 cumulative=0 (estimated), total energy storage capacity (Wh)=rate=0 cumulative=12011 (estimated), present energy storage capacity (Wh)=rate=0 cumulative=3372 (estimated)
08:48:13.067 TX 06 00                        link reply
08:48:20.165 RX 08 01 00 00 7e cd            supported query 08 01
08:48:20.244 TX 06 00                        link reply
08:48:20.470 RX 08 02 00 00 7a d0            supported query 08 02
08:48:20.555 TX 06 00                        link reply
08:48:20.773 RX 08 03 00 00 76 d3            supported query 08 03
08:48:20.862 TX 06 00                        link reply
08:48:21.077 RX 08 03 00 02 18 00 ba 75      max payload query
08:48:21.159 TX 06 00                        link reply
08:48:22.156 TX 08 03 00 02 19 07 a9 7e      Max payload response
08:48:22.179 RX 06 00                        link ACK
08:48:25.655 TX 08 01 00 02 0e 01 e2 58      Outside comm status: good
08:48:25.666 RX 06 00                        link ACK
08:48:25.872 RX 08 01 00 02 03 0e e9 4f      app ACK of opcode 0x0E
08:48:25.963 TX 06 00                        link reply
08:48:26.697 TX 08 01 00 02 12 00 d8 5f      Query operational state
08:48:26.719 RX 06 00                        link ACK
08:48:26.911 RX 08 01 00 02 13 01 d3 62      operational state 1 (Running Normal)
08:48:26.992 TX 06 00                        link reply
08:48:27.727 TX 08 02 00 02 06 00 f6 4c      GetCommodityRead
08:48:27.743 RX 06 00                        link ACK
08:48:27.967 RX 08 02 00 2a 06 80 00 00 00 00 00 00 00 f2 00 00 00 00 00 00 06 00 00 00 00 00 00 00 00 00 00 2e eb 07 00 00 00 00 00 00 00 00 00 00 0d 1a 23 36 GetCommodityRead reply: electricity consumed (W, Wh)=rate=242 cumulative=0 (estimated), total energy storage capacity (Wh)=rate=0 cumulative=12011 (estimated), present energy storage capacity (Wh)=rate=0 cumulative=3354 (estimated)
08:48:28.051 TX 06 00                        link reply
08:48:35.192 RX 08 01 00 00 7e cd            supported query 08 01
08:48:35.275 TX 06 00                        link reply
08:48:35.496 RX 08 02 00 00 7a d0            supported query 08 02
08:48:35.586 TX 06 00                        link reply
08:48:35.800 RX 08 03 00 00 76 d3            supported query 08 03
08:48:35.882 TX 06 00                        link reply
08:48:36.103 RX 08 03 00 02 18 00 ba 75      max payload query
08:48:36.193 TX 06 00                        link reply
08:48:37.187 TX 08 03 00 02 19 07 a9 7e      Max payload response
08:48:37.206 RX 06 00                        link ACK
08:48:40.660 TX 08 01 00 02 0e 01 e2 58      Outside comm status: good
08:48:40.675 RX 06 00                        link ACK
08:48:40.883 RX 08 01 00 02 03 0e e9 4f      app ACK of opcode 0x0E
08:48:40.971 TX 06 00                        link reply
08:48:41.700 TX 08 01 00 02 12 00 d8 5f      Query operational state
08:48:41.714 RX 06 00                        link ACK
08:48:41.922 RX 08 01 00 02 13 01 d3 62      operational state 1 (Running Normal)
08:48:42.008 TX 06 00                        link reply
08:48:42.743 TX 08 02 00 02 06 00 f6 4c      GetCommodityRead
08:48:42.753 RX 06 00                        link ACK
08:48:42.978 RX 08 02 00 2a 06 80 00 00 00 00 00 00 00 f2 00 00 00 00 00 00 06 00 00 00 00 00 00 00 00 00 00 2e eb 07 00 00 00 00 00 00 00 00 00 00 0d 1a 23 36 GetCommodityRead reply: electricity consumed (W, Wh)=rate=242 cumulative=0 (estimated), total energy storage capacity (Wh)=rate=0 cumulative=12011 (estimated), present energy storage capacity (Wh)=rate=0 cumulative=3354 (estimated)
08:48:43.056 TX 06 00                        link reply
08:48:50.220 RX 08 01 00 00 7e cd            supported query 08 01
08:48:50.299 TX 06 00                        link reply
08:48:50.523 RX 08 02 00 00 7a d0            supported query 08 02
08:48:50.593 TX 06 00                        link reply
08:48:50.811 RX 08 03 00 00 76 d3            supported query 08 03
08:48:50.889 TX 06 00                        link reply
08:48:51.114 RX 08 03 00 02 18 00 ba 75      max payload query
08:48:51.185 TX 06 00                        link reply
08:48:52.185 TX 08 03 00 02 19 07 a9 7e      Max payload response
08:48:52.202 RX 06 00                        link ACK
08:48:55.670 TX 08 01 00 02 0e 01 e2 58      Outside comm status: good
08:48:55.687 RX 06 00                        link ACK
08:48:55.894 RX 08 01 00 02 03 0e e9 4f      app ACK of opcode 0x0E
08:48:55.984 TX 06 00                        link reply
08:48:56.717 TX 08 01 00 02 12 00 d8 5f      Query operational state
08:48:56.725 RX 06 00                        link ACK
08:48:56.933 RX 08 01 00 02 13 01 d3 62      operational state 1 (Running Normal)
08:48:57.015 TX 06 00                        link reply
08:48:57.744 TX 08 02 00 02 06 00 f6 4c      GetCommodityRead
08:48:57.765 RX 06 00                        link ACK
08:48:57.988 RX 08 02 00 2a 06 80 00 00 00 00 00 00 00 f2 00 00 00 00 00 00 06 00 00 00 00 00 00 00 00 00 00 2e eb 07 00 00 00 00 00 00 00 00 00 00 0d 08 47 24 GetCommodityRead reply: electricity consumed (W, Wh)=rate=242 cumulative=0 (estimated), total energy storage capacity (Wh)=rate=0 cumulative=12011 (estimated), present energy storage capacity (Wh)=rate=0 cumulative=3336 (estimated)
08:48:58.070 TX 06 00                        link reply
08:49:05.246 RX 08 01 00 00 7e cd            supported query 08 01
08:49:05.331 TX 06 00                        link reply
08:49:05.550 RX 08 02 00 00 7a d0            supported query 08 02
08:49:05.639 TX 06 00                        link reply
08:49:05.854 RX 08 03 00 00 76 d3            supported query 08 03
08:49:05.937 TX 06 00                        link reply
08:49:06.158 RX 08 03 00 02 18 00 ba 75      max payload query
08:49:06.249 TX 06 00                        link reply
08:49:07.240 TX 08 03 00 02 19 07 a9 7e      Max payload response
08:49:07.260 RX 06 00                        link ACK
08:49:10.678 TX 08 01 00 02 0e 01 e2 58      Outside comm status: good
08:49:10.698 RX 06 00                        link ACK
08:49:10.906 RX 08 01 00 02 03 0e e9 4f      app ACK of opcode 0x0E
08:49:10.991 TX 06 00                        link reply
08:49:11.724 TX 08 01 00 02 12 00 d8 5f      Query operational state
08:49:11.737 RX 06 00                        link ACK
08:49:11.945 RX 08 01 00 02 13 01 d3 62      operational state 1 (Running Normal)
08:49:12.035 TX 06 00                        link reply
08:49:12.754 TX 08 02 00 02 06 00 f6 4c      GetCommodityRead
08:49:12.776 RX 06 00                        link ACK
08:49:12.999 RX 08 02 00 2a 06 80 00 00 00 00 00 00 00 f2 00 00 00 00 00 00 06 00 00 00 00 00 00 00 00 00 00 2e eb 07 00 00 00 00 00 00 00 00 00 00 0d 08 47 24 GetCommodityRead reply: electricity consumed (W, Wh)=rate=242 cumulative=0 (estimated), total energy storage capacity (Wh)=rate=0 cumulative=12011 (estimated), present energy storage capacity (Wh)=rate=0 cumulative=3336 (estimated)
08:49:13.081 TX 06 00                        link reply
08:49:20.289 RX 08 01 00 00 7e cd            supported query 08 01
08:49:20.373 TX 06 00                        link reply
08:49:20.593 RX 08 02 00 00 7a d0            supported query 08 02
08:49:20.682 TX 06 00                        link reply
08:49:20.897 RX 08 03 00 00 76 d3            supported query 08 03
08:49:20.982 TX 06 00                        link reply
08:49:21.200 RX 08 03 00 02 18 00 ba 75      max payload query
08:49:21.292 TX 06 00                        link reply
08:49:22.286 TX 08 03 00 02 19 07 a9 7e      Max payload response
08:49:22.303 RX 06 00                        link ACK
08:49:25.688 TX 08 01 00 02 0e 01 e2 58      Outside comm status: good
08:49:25.708 RX 06 00                        link ACK
08:49:25.916 RX 08 01 00 02 03 0e e9 4f      app ACK of opcode 0x0E
08:49:25.999 TX 06 00                        link reply
08:49:26.730 TX 08 01 00 02 12 00 d8 5f      Query operational state
08:49:26.748 RX 06 00                        link ACK
08:49:26.955 RX 08 01 00 02 13 01 d3 62      operational state 1 (Running Normal)
08:49:27.037 TX 06 00                        link reply
08:49:27.780 TX 08 02 00 02 06 00 f6 4c      GetCommodityRead
08:49:27.803 RX 06 00                        link ACK
08:49:28.027 RX 08 02 00 2a 06 80 00 00 00 00 00 00 00 f2 00 00 00 00 00 00 06 00 00 00 00 00 00 00 00 00 00 2e eb 07 00 00 00 00 00 00 00 00 00 00 0d 1a 23 36 GetCommodityRead reply: electricity consumed (W, Wh)=rate=242 cumulative=0 (estimated), total energy storage capacity (Wh)=rate=0 cumulative=12011 (estimated), present energy storage capacity (Wh)=rate=0 cumulative=3354 (estimated)
08:49:28.109 TX 06 00                        link reply
08:49:35.316 RX 08 01 00 00 7e cd            supported query 08 01
08:49:35.394 TX 06 00                        link reply
08:49:35.604 RX 08 02 00 00 7a d0            supported query 08 02
08:49:35.693 TX 06 00                        link reply
08:49:35.908 RX 08 03 00 00 76 d3            supported query 08 03
08:49:35.986 TX 06 00                        link reply
08:49:36.211 RX 08 03 00 02 18 00 ba 75      max payload query
08:49:36.299 TX 06 00                        link reply
08:49:37.297 TX 08 03 00 02 19 07 a9 7e      Max payload response
08:49:37.314 RX 06 00                        link ACK
08:49:40.701 TX 08 01 00 02 0e 01 e2 58      Outside comm status: good
08:49:40.719 RX 06 00                        link ACK
08:49:40.927 RX 08 01 00 02 03 0e e9 4f      app ACK of opcode 0x0E
08:49:41.013 TX 06 00                        link reply
08:49:41.744 TX 08 01 00 02 12 00 d8 5f      Query operational state
08:49:41.758 RX 06 00                        link ACK
08:49:41.966 RX 08 01 00 02 13 01 d3 62      operational state 1 (Running Normal)
08:49:42.043 TX 06 00                        link reply
08:49:42.789 TX 08 02 00 02 06 00 f6 4c      GetCommodityRead
08:49:42.798 RX 06 00                        link ACK
08:49:43.038 RX 08 02 00 2a 06 80 00 00 00 00 00 00 00 f2 00 00 00 00 00 00 06 00 00 00 00 00 00 00 00 00 00 2e eb 07 00 00 00 00 00 00 00 00 00 00 0d 08 47 24 GetCommodityRead reply: electricity consumed (W, Wh)=rate=242 cumulative=0 (estimated), total energy storage capacity (Wh)=rate=0 cumulative=12011 (estimated), present energy storage capacity (Wh)=rate=0 cumulative=3336 (estimated)
08:49:43.117 TX 06 00                        link reply
08:49:50.343 RX 08 01 00 00 7e cd            supported query 08 01
08:49:50.428 TX 06 00                        link reply
08:49:50.647 RX 08 02 00 00 7a d0            supported query 08 02
08:49:50.736 TX 06 00                        link reply
08:49:50.950 RX 08 03 00 00 76 d3            supported query 08 03
08:49:51.032 TX 06 00                        link reply
08:49:51.254 RX 08 03 00 02 18 00 ba 75      max payload query
08:49:51.346 TX 06 00                        link reply
08:49:52.343 TX 08 03 00 02 19 07 a9 7e      Max payload response
08:49:52.357 RX 06 00                        link ACK
08:49:55.717 TX 08 01 00 02 0e 01 e2 58      Outside comm status: good
08:49:55.731 RX 06 00                        link ACK
08:49:55.938 RX 08 01 00 02 03 0e e9 4f      app ACK of opcode 0x0E
08:49:56.027 TX 06 00                        link reply
08:49:56.760 TX 08 01 00 02 12 00 d8 5f      Query operational state
08:49:56.769 RX 06 00                        link ACK
08:49:56.977 RX 08 01 00 02 13 01 d3 62      operational state 1 (Running Normal)
08:49:57.055 TX 06 00                        link reply
08:49:57.790 TX 08 02 00 02 06 00 f6 4c      GetCommodityRead
08:49:57.809 RX 06 00                        link ACK
08:49:58.032 RX 08 02 00 2a 06 80 00 00 00 00 00 00 00 f2 00 00 00 00 00 00 06 00 00 00 00 00 00 00 00 00 00 2e eb 07 00 00 00 00 00 00 00 00 00 00 0d 08 47 24 GetCommodityRead reply: electricity consumed (W, Wh)=rate=242 cumulative=0 (estimated), total energy storage capacity (Wh)=rate=0 cumulative=12011 (estimated), present energy storage capacity (Wh)=rate=0 cumulative=3336 (estimated)
08:49:58.113 TX 06 00                        link reply
08:50:05.386 RX 08 01 00 00 7e cd            supported query 08 01
08:50:05.481 TX 06 00                        link reply
08:50:05.706 RX 08 02 00 00 7a d0            supported query 08 02
08:50:05.788 TX 06 00                        link reply
08:50:06.010 RX 08 03 00 00 76 d3            supported query 08 03
08:50:06.102 TX 06 00                        link reply
08:50:06.314 RX 08 03 00 02 18 00 ba 75      max payload query
08:50:06.395 TX 06 00                        link reply
08:50:07.395 TX 08 03 00 02 19 07 a9 7e      Max payload response
08:50:07.416 RX 06 00                        link ACK
08:50:10.725 TX 08 01 00 02 0e 01 e2 58      Outside comm status: good
08:50:10.741 RX 06 00                        link ACK
08:50:10.949 RX 08 01 00 02 03 0e e9 4f      app ACK of opcode 0x0E
08:50:11.034 TX 06 00                        link reply
08:50:11.765 TX 08 01 00 02 12 00 d8 5f      Query operational state
08:50:11.782 RX 06 00                        link ACK
08:50:11.988 RX 08 01 00 02 13 01 d3 62      operational state 1 (Running Normal)
08:50:12.079 TX 06 00                        link reply
08:50:12.813 TX 08 02 00 02 06 00 f6 4c      GetCommodityRead
08:50:12.836 RX 06 00                        link ACK
08:50:13.059 RX 08 02 00 2a 06 80 00 00 00 00 00 00 00 f2 00 00 00 00 00 00 06 00 00 00 00 00 00 00 00 00 00 2e eb 07 00 00 00 00 00 00 00 00 00 00 0d 1a 23 36 GetCommodityRead reply: electricity consumed (W, Wh)=rate=242 cumulative=0 (estimated), total energy storage capacity (Wh)=rate=0 cumulative=12011 (estimated), present energy storage capacity (Wh)=rate=0 cumulative=3354 (estimated)
08:50:13.142 TX 06 00                        link reply
08:50:20.413 RX 08 01 00 00 7e cd            supported query 08 01
08:50:20.497 TX 06 00                        link reply
08:50:20.717 RX 08 02 00 00 7a d0            supported query 08 02
08:50:20.793 TX 06 00                        link reply
08:50:21.004 RX 08 03 00 00 76 d3            supported query 08 03
08:50:21.086 TX 06 00                        link reply
08:50:21.309 RX 08 03 00 02 18 00 ba 75      max payload query
08:50:21.402 TX 06 00                        link reply
08:50:22.391 TX 08 03 00 02 19 07 a9 7e      Max payload response
08:50:22.411 RX 06 00                        link ACK
08:50:25.736 TX 08 01 00 02 0e 01 e2 58      Outside comm status: good
08:50:25.754 RX 06 00                        link ACK
08:50:25.960 RX 08 01 00 02 03 0e e9 4f      app ACK of opcode 0x0E
08:50:26.047 TX 06 00                        link reply
08:50:26.779 TX 08 01 00 02 12 00 d8 5f      Query operational state
08:50:26.793 RX 06 00                        link ACK
08:50:26.999 RX 08 01 00 02 13 01 d3 62      operational state 1 (Running Normal)
08:50:27.086 TX 06 00                        link reply
08:50:27.824 TX 08 02 00 02 06 00 f6 4c      GetCommodityRead
08:50:27.847 RX 06 00                        link ACK
08:50:28.070 RX 08 02 00 2a 06 80 00 00 00 00 00 00 00 f2 00 00 00 00 00 00 06 00 00 00 00 00 00 00 00 00 00 2e eb 07 00 00 00 00 00 00 00 00 00 00 0c f6 6c 11 GetCommodityRead reply: electricity consumed (W, Wh)=rate=242 cumulative=0 (estimated), total energy storage capacity (Wh)=rate=0 cumulative=12011 (estimated), present energy storage capacity (Wh)=rate=0 cumulative=3318 (estimated)
08:50:28.151 TX 06 00                        link reply
08:50:35.440 RX 08 01 00 00 7e cd            supported query 08 01
08:50:35.534 TX 06 00                        link reply
08:50:35.744 RX 08 02 00 00 7a d0            supported query 08 02
08:50:35.822 TX 06 00                        link reply
08:50:36.047 RX 08 03 00 00 76 d3            supported query 08 03
08:50:36.118 TX 06 00                        link reply
08:50:36.335 RX 08 03 00 02 18 00 ba 75      max payload query
08:50:36.414 TX 06 00                        link reply
08:50:37.427 TX 08 03 00 02 19 07 a9 7e      Max payload response
08:50:37.438 RX 06 00                        link ACK
08:50:40.745 TX 08 01 00 02 0e 01 e2 58      Outside comm status: good
08:50:40.763 RX 06 00                        link ACK
08:50:40.971 RX 08 01 00 02 03 0e e9 4f      app ACK of opcode 0x0E
08:50:41.056 TX 06 00                        link reply
08:50:41.792 TX 08 01 00 02 12 00 d8 5f      Query operational state
08:50:41.802 RX 06 00                        link ACK
08:50:42.010 RX 08 01 00 02 13 01 d3 62      operational state 1 (Running Normal)
08:50:42.087 TX 06 00                        link reply
08:50:42.821 TX 08 02 00 02 06 00 f6 4c      GetCommodityRead
08:50:42.841 RX 06 00                        link ACK
08:50:43.065 RX 08 02 00 2a 06 80 00 00 00 00 00 00 00 f2 00 00 00 00 00 00 06 00 00 00 00 00 00 00 00 00 00 2e eb 07 00 00 00 00 00 00 00 00 00 00 0d 08 47 24 GetCommodityRead reply: electricity consumed (W, Wh)=rate=242 cumulative=0 (estimated), total energy storage capacity (Wh)=rate=0 cumulative=12011 (estimated), present energy storage capacity (Wh)=rate=0 cumulative=3336 (estimated)
08:50:43.149 TX 06 00                        link reply
08:50:50.466 RX 08 01 00 00 7e cd            supported query 08 01
08:50:50.554 TX 06 00                        link reply
08:50:50.770 RX 08 02 00 00 7a d0            supported query 08 02
08:50:50.849 TX 06 00                        link reply
08:50:51.058 RX 08 03 00 00 76 d3            supported query 08 03
08:50:51.145 TX 06 00                        link reply
08:50:51.362 RX 08 03 00 02 18 00 ba 75      max payload query
08:50:51.443 TX 06 00                        link reply
08:50:52.441 TX 08 03 00 02 19 07 a9 7e      Max payload response
08:50:52.449 RX 06 00                        link ACK
08:50:55.750 TX 08 01 00 02 0e 01 e2 58      Outside comm status: good
08:50:55.759 RX 06 00                        link ACK
08:50:55.966 RX 08 01 00 02 03 0e e9 4f      app ACK of opcode 0x0E
08:50:56.047 TX 06 00                        link reply
08:50:56.777 TX 08 01 00 02 12 00 d8 5f      Query operational state
08:50:56.797 RX 06 00                        link ACK
08:50:57.005 RX 08 01 00 02 13 01 d3 62      operational state 1 (Running Normal)
08:50:57.072 TX 06 00                        link reply
08:50:57.819 TX 08 02 00 02 06 00 f6 4c      GetCommodityRead
08:50:57.836 RX 06 00                        link ACK
08:50:58.060 RX 08 02 00 2a 06 80 00 00 00 00 00 00 00 f2 00 00 00 00 00 00 06 00 00 00 00 00 00 00 00 00 00 2e eb 07 00 00 00 00 00 00 00 00 00 00 0c f6 6c 11 GetCommodityRead reply: electricity consumed (W, Wh)=rate=242 cumulative=0 (estimated), total energy storage capacity (Wh)=rate=0 cumulative=12011 (estimated), present energy storage capacity (Wh)=rate=0 cumulative=3318 (estimated)
08:50:58.148 TX 06 00                        link reply
08:51:05.509 RX 08 01 00 00 7e cd            supported query 08 01
08:51:05.590 TX 06 00                        link reply
08:51:05.813 RX 08 02 00 00 7a d0            supported query 08 02
08:51:05.902 TX 06 00                        link reply
08:51:06.117 RX 08 03 00 00 76 d3            supported query 08 03
08:51:06.197 TX 06 00                        link reply
08:51:06.421 RX 08 03 00 02 18 00 ba 75      max payload query
08:51:06.504 TX 06 00                        link reply
08:51:07.503 TX 08 03 00 02 19 07 a9 7e      Max payload response
08:51:07.523 RX 06 00                        link ACK
08:51:10.750 TX 08 01 00 02 0e 01 e2 58      Outside comm status: good
08:51:10.768 RX 06 00                        link ACK
08:51:10.976 RX 08 01 00 02 03 0e e9 4f      app ACK of opcode 0x0E
08:51:11.065 TX 06 00                        link reply
08:51:11.798 TX 08 01 00 02 12 00 d8 5f      Query operational state
08:51:11.808 RX 06 00                        link ACK
08:51:12.015 RX 08 01 00 02 13 01 d3 62      operational state 1 (Running Normal)
08:51:12.093 TX 06 00                        link reply
08:51:12.826 TX 08 02 00 02 06 00 f6 4c      GetCommodityRead
08:51:12.847 RX 06 00                        link ACK
08:51:13.071 RX 08 02 00 2a 06 80 00 00 00 00 00 00 00 f2 00 00 00 00 00 00 06 00 00 00 00 00 00 00 00 00 00 2e eb 07 00 00 00 00 00 00 00 00 00 00 0c d2 b4 ec GetCommodityRead reply: electricity consumed (W, Wh)=rate=242 cumulative=0 (estimated), total energy storage capacity (Wh)=rate=0 cumulative=12011 (estimated), present energy storage capacity (Wh)=rate=0 cumulative=3282 (estimated)
08:51:13.152 TX 06 00                        link reply
08:51:20.536 RX 08 01 00 00 7e cd            supported query 08 01
08:51:20.617 TX 06 00                        link reply
08:51:20.840 RX 08 02 00 00 7a d0            supported query 08 02
08:51:20.929 TX 06 00                        link reply
08:51:21.143 RX 08 03 00 00 76 d3            supported query 08 03
08:51:21.223 TX 06 00                        link reply
08:51:21.447 RX 08 03 00 02 18 00 ba 75      max payload query
08:51:21.532 TX 06 00                        link reply
08:51:22.529 TX 08 03 00 02 19 07 a9 7e      Max payload response
08:51:22.550 RX 06 00                        link ACK
08:51:25.760 TX 08 01 00 02 0e 01 e2 58      Outside comm status: good
08:51:25.780 RX 06 00                        link ACK
08:51:25.987 RX 08 01 00 02 03 0e e9 4f      app ACK of opcode 0x0E
08:51:26.070 TX 06 00                        link reply
08:51:26.800 TX 08 01 00 02 12 00 d8 5f      Query operational state
08:51:26.819 RX 06 00                        link ACK
08:51:27.026 RX 08 01 00 02 13 01 d3 62      operational state 1 (Running Normal)
08:51:27.109 TX 06 00                        link reply
08:51:27.851 TX 08 02 00 02 06 00 f6 4c      GetCommodityRead
08:51:27.874 RX 06 00                        link ACK
08:51:28.098 RX 08 02 00 2a 06 80 00 00 00 00 00 00 00 f2 00 00 00 00 00 00 06 00 00 00 00 00 00 00 00 00 00 2e eb 07 00 00 00 00 00 00 00 00 00 00 0c d2 b4 ec GetCommodityRead reply: electricity consumed (W, Wh)=rate=242 cumulative=0 (estimated), total energy storage capacity (Wh)=rate=0 cumulative=12011 (estimated), present energy storage capacity (Wh)=rate=0 cumulative=3282 (estimated)
08:51:28.176 TX 06 00                        link reply
08:51:35.563 RX 08 01 00 00 7e cd            supported query 08 01
08:51:35.657 TX 06 00                        link reply
08:51:35.868 RX 08 02 00 00 7a d0            supported query 08 02
08:51:35.947 TX 06 00                        link reply
08:51:36.170 RX 08 03 00 00 76 d3            supported query 08 03
08:51:36.259 TX 06 00                        link reply
08:51:36.475 RX 08 03 00 02 18 00 ba 75      max payload query
08:51:36.557 TX 06 00                        link reply
08:51:37.562 TX 08 03 00 02 19 07 a9 7e      Max payload response
08:51:37.578 RX 06 00                        link ACK
08:51:40.765 TX 08 01 00 02 0e 01 e2 58      Outside comm status: good
08:51:40.774 RX 06 00                        link ACK
08:51:40.983 RX 08 01 00 02 03 0e e9 4f      app ACK of opcode 0x0E
08:51:41.072 TX 06 00                        link reply
08:51:41.800 TX 08 01 00 02 12 00 d8 5f      Query operational state
08:51:41.814 RX 06 00                        link ACK
08:51:42.021 RX 08 01 00 02 13 01 d3 62      operational state 1 (Running Normal)
08:51:42.109 TX 06 00                        link reply
08:51:42.842 TX 08 02 00 02 06 00 f6 4c      GetCommodityRead
08:51:42.852 RX 06 00                        link ACK
08:51:43.076 RX 08 02 00 2a 06 80 00 00 00 00 00 00 00 f2 00 00 00 00 00 00 06 00 00 00 00 00 00 00 00 00 00 2e eb 07 00 00 00 00 00 00 00 00 00 00 0c d2 b4 ec GetCommodityRead reply: electricity consumed (W, Wh)=rate=242 cumulative=0 (estimated), total energy storage capacity (Wh)=rate=0 cumulative=12011 (estimated), present energy storage capacity (Wh)=rate=0 cumulative=3282 (estimated)
08:51:43.152 TX 06 00                        link reply
08:51:50.590 RX 08 01 00 00 7e cd            supported query 08 01
08:51:50.671 TX 06 00                        link reply
08:51:50.894 RX 08 02 00 00 7a d0            supported query 08 02
08:51:50.980 TX 06 00                        link reply
08:51:51.198 RX 08 03 00 00 76 d3            supported query 08 03
08:51:51.277 TX 06 00                        link reply
08:51:51.502 RX 08 03 00 02 18 00 ba 75      max payload query
08:51:51.588 TX 06 00                        link reply
08:51:52.583 TX 08 03 00 02 19 07 a9 7e      Max payload response
08:51:52.604 RX 06 00                        link ACK
08:51:55.773 TX 08 01 00 02 0e 01 e2 58      Outside comm status: good
08:51:55.786 RX 06 00                        link ACK
08:51:55.994 RX 08 01 00 02 03 0e e9 4f      app ACK of opcode 0x0E
08:51:56.085 TX 06 00                        link reply
08:51:56.805 TX 08 01 00 02 12 00 d8 5f      Query operational state
08:51:56.825 RX 06 00                        link ACK
08:51:57.016 RX 08 01 00 02 13 01 d3 62      operational state 1 (Running Normal)
08:51:57.098 TX 06 00                        link reply
08:51:57.847 TX 08 02 00 02 06 00 f6 4c      GetCommodityRead
08:51:57.864 RX 06 00                        link ACK
08:51:58.088 RX 08 02 00 2a 06 80 00 00 00 00 00 00 00 f2 00 00 00 00 00 00 06 00 00 00 00 00 00 00 00 00 00 2e eb 07 00 00 00 00 00 00 00 00 00 00 0c ae fc c8 GetCommodityRead reply: electricity consumed (W, Wh)=rate=242 cumulative=0 (estimated), total energy storage capacity (Wh)=rate=0 cumulative=12011 (estimated), present energy storage capacity (Wh)=rate=0 cumulative=3246 (estimated)
08:51:58.172 TX 06 00                        link reply
08:52:05.633 RX 08 01 00 00 7e cd            supported query 08 01
08:52:05.715 TX 06 00                        link reply
08:52:05.937 RX 08 02 00 00 7a d0            supported query 08 02
08:52:06.028 TX 06 00                        link reply
08:52:06.240 RX 08 03 00 00 76 d3            supported query 08 03
08:52:06.324 TX 06 00                        link reply
08:52:06.544 RX 08 03 00 02 18 00 ba 75      max payload query
08:52:06.635 TX 06 00                        link reply
08:52:07.629 TX 08 03 00 02 19 07 a9 7e      Max payload response
08:52:07.648 RX 06 00                        link ACK
08:52:10.783 TX 08 01 00 02 0e 01 e2 58      Outside comm status: good
08:52:10.797 RX 06 00                        link ACK
08:52:11.005 RX 08 01 00 02 03 0e e9 4f      app ACK of opcode 0x0E
08:52:11.095 TX 06 00                        link reply
08:52:11.825 TX 08 01 00 02 12 00 d8 5f      Query operational state
08:52:11.836 RX 06 00                        link ACK
08:52:12.043 RX 08 01 00 02 13 01 d3 62      operational state 1 (Running Normal)
08:52:12.132 TX 06 00                        link reply
08:52:12.860 TX 08 02 00 02 06 00 f6 4c      GetCommodityRead
08:52:12.875 RX 06 00                        link ACK
08:52:13.098 RX 08 02 00 2a 06 80 00 00 00 00 00 00 00 f2 00 00 00 00 00 00 06 00 00 00 00 00 00 00 00 00 00 2e eb 07 00 00 00 00 00 00 00 00 00 00 0c ae fc c8 GetCommodityRead reply: electricity consumed (W, Wh)=rate=242 cumulative=0 (estimated), total energy storage capacity (Wh)=rate=0 cumulative=12011 (estimated), present energy storage capacity (Wh)=rate=0 cumulative=3246 (estimated)
08:52:13.185 TX 06 00                        link reply
08:52:20.660 RX 08 01 00 00 7e cd            supported query 08 01
08:52:20.737 TX 06 00                        link reply
08:52:20.948 RX 08 02 00 00 7a d0            supported query 08 02
08:52:21.032 TX 06 00                        link reply
08:52:21.252 RX 08 03 00 00 76 d3            supported query 08 03
08:52:21.341 TX 06 00                        link reply
08:52:21.555 RX 08 03 00 02 18 00 ba 75      max payload query
08:52:21.636 TX 06 00                        link reply
08:52:22.638 TX 08 03 00 02 19 07 a9 7e      Max payload response
08:52:22.658 RX 06 00                        link ACK
08:52:25.784 TX 08 01 00 02 0e 01 e2 58      Outside comm status: good
08:52:25.791 RX 06 00                        link ACK
08:52:25.999 RX 08 01 00 02 03 0e e9 4f      app ACK of opcode 0x0E
08:52:26.079 TX 06 00                        link reply
08:52:26.812 TX 08 01 00 02 12 00 d8 5f      Query operational state
08:52:26.830 RX 06 00                        link ACK
08:52:27.038 RX 08 01 00 02 13 01 d3 62      operational state 1 (Running Normal)
08:52:27.127 TX 06 00                        link reply
08:52:27.855 TX 08 02 00 02 06 00 f6 4c      GetCommodityRead
08:52:27.870 RX 06 00                        link ACK
08:52:28.094 RX 08 02 00 2a 06 80 00 00 00 00 00 00 00 f2 00 00 00 00 00 00 06 00 00 00 00 00 00 00 00 00 00 2e eb 07 00 00 00 00 00 00 00 00 00 00 0c c0 d8 da GetCommodityRead reply: electricity consumed (W, Wh)=rate=242 cumulative=0 (estimated), total energy storage capacity (Wh)=rate=0 cumulative=12011 (estimated), present energy storage capacity (Wh)=rate=0 cumulative=3264 (estimated)
08:52:28.182 TX 06 00                        link reply
08:52:35.687 RX 08 01 00 00 7e cd            supported query 08 01
08:52:35.767 TX 06 00                        link reply
08:52:35.990 RX 08 02 00 00 7a d0            supported query 08 02
08:52:36.080 TX 06 00                        link reply
08:52:36.294 RX 08 03 00 00 76 d3            supported query 08 03
08:52:36.373 TX 06 00                        link reply
08:52:36.598 RX 08 03 00 02 18 00 ba 75      max payload query
08:52:36.684 TX 06 00                        link reply
08:52:37.685 TX 08 03 00 02 19 07 a9 7e      Max payload response
08:52:37.701 RX 06 00                        link ACK
08:52:40.795 TX 08 01 00 02 0e 01 e2 58      Outside comm status: good
08:52:40.818 RX 06 00                        link ACK
08:52:41.010 RX 08 01 00 02 03 0e e9 4f      app ACK of opcode 0x0E
08:52:41.090 TX 06 00                        link reply
08:52:41.840 TX 08 01 00 02 12 00 d8 5f      Query operational state
08:52:41.857 RX 06 00                        link ACK
08:52:42.065 RX 08 01 00 02 13 01 d3 62      operational state 1 (Running Normal)
08:52:42.151 TX 06 00                        link reply
08:52:42.883 TX 08 02 00 02 06 00 f6 4c      GetCommodityRead
08:52:42.896 RX 06 00                        link ACK
08:52:43.120 RX 08 02 00 2a 06 80 00 00 00 00 00 00 00 f2 00 00 00 00 00 00 06 00 00 00 00 00 00 00 00 00 00 2e eb 07 00 00 00 00 00 00 00 00 00 00 0c 9c 21 b6 GetCommodityRead reply: electricity consumed (W, Wh)=rate=242 cumulative=0 (estimated), total energy storage capacity (Wh)=rate=0 cumulative=12011 (estimated), present energy storage capacity (Wh)=rate=0 cumulative=3228 (estimated)
08:52:43.211 TX 06 00                        link reply
08:52:50.713 RX 08 01 00 00 7e cd            supported query 08 01
08:52:50.793 TX 06 00                        link reply
08:52:51.017 RX 08 02 00 00 7a d0            supported query 08 02
08:52:51.103 TX 06 00                        link reply
08:52:51.321 RX 08 03 00 00 76 d3            supported query 08 03
08:52:51.398 TX 06 00                        link reply
08:52:51.609 RX 08 03 00 02 18 00 ba 75      max payload query
08:52:51.694 TX 06 00                        link reply
08:52:52.690 TX 08 03 00 02 19 07 a9 7e      Max payload response
08:52:52.711 RX 06 00                        link ACK
08:52:55.798 TX 08 01 00 02 0e 01 e2 58      Outside comm status: good
08:52:55.812 RX 06 00                        link ACK
08:52:56.020 RX 08 01 00 02 03 0e e9 4f      app ACK of opcode 0x0E
08:52:56.109 TX 06 00                        link reply
08:52:56.842 TX 08 01 00 02 12 00 d8 5f      Query operational state
08:52:56.852 RX 06 00                        link ACK
08:52:57.060 RX 08 01 00 02 13 01 d3 62      operational state 1 (Running Normal)
08:52:57.140 TX 06 00                        link reply
08:52:57.882 TX 08 02 00 02 06 00 f6 4c      GetCommodityRead
08:52:57.896 RX 06 00                        link ACK
08:52:58.116 RX 08 02 00 2a 06 80 00 00 00 00 00 00 00 f2 00 00 00 00 00 00 06 00 00 00 00 00 00 00 00 00 00 2e eb 07 00 00 00 00 00 00 00 00 00 00 0c c0 d8 da GetCommodityRead reply: electricity consumed (W, Wh)=rate=242 cumulative=0 (estimated), total energy storage capacity (Wh)=rate=0 cumulative=12011 (estimated), present energy storage capacity (Wh)=rate=0 cumulative=3264 (estimated)
08:52:58.193 TX 06 00                        link reply
08:53:05.740 RX 08 01 00 00 7e cd            supported query 08 01
08:53:05.829 TX 06 00                        link reply
08:53:06.044 RX 08 02 00 00 7a d0            supported query 08 02
08:53:06.127 TX 06 00                        link reply
08:53:06.348 RX 08 03 00 00 76 d3            supported query 08 03
08:53:06.437 TX 06 00                        link reply
08:53:06.651 RX 08 03 00 02 18 00 ba 75      max payload query
08:53:06.734 TX 06 00                        link reply
08:53:07.734 TX 08 03 00 02 19 07 a9 7e      Max payload response
08:53:07.757 RX 06 00                        link ACK
08:53:10.806 TX 08 01 00 02 0e 01 e2 58      Outside comm status: good
08:53:10.825 RX 06 00                        link ACK
08:53:11.032 RX 08 01 00 02 03 0e e9 4f      app ACK of opcode 0x0E
08:53:11.112 TX 06 00                        link reply
08:53:11.856 TX 08 01 00 02 12 00 d8 5f      Query operational state
08:53:11.879 RX 06 00                        link ACK
08:53:12.070 RX 08 01 00 02 13 01 d3 62      operational state 1 (Running Normal)
08:53:12.151 TX 06 00                        link reply
08:53:12.898 TX 08 02 00 02 06 00 f6 4c      GetCommodityRead
08:53:12.918 RX 06 00                        link ACK
08:53:13.142 RX 08 02 00 2a 06 80 00 00 00 00 00 00 00 f2 00 00 00 00 00 00 06 00 00 00 00 00 00 00 00 00 00 2e eb 07 00 00 00 00 00 00 00 00 00 00 0c ae fc c8 GetCommodityRead reply: electricity consumed (W, Wh)=rate=242 cumulative=0 (estimated), total energy storage capacity (Wh)=rate=0 cumulative=12011 (estimated), present energy storage capacity (Wh)=rate=0 cumulative=3246 (estimated)
08:53:13.223 TX 06 00                        link reply
08:53:20.767 RX 08 01 00 00 7e cd            supported query 08 01
08:53:20.854 TX 06 00                        link reply
08:53:21.071 RX 08 02 00 00 7a d0            supported query 08 02
08:53:21.149 TX 06 00                        link reply
08:53:21.358 RX 08 03 00 00 76 d3            supported query 08 03
08:53:21.443 TX 06 00                        link reply
08:53:21.662 RX 08 03 00 02 18 00 ba 75      max payload query
08:53:21.754 TX 06 00                        link reply
08:53:22.748 TX 08 03 00 02 19 07 a9 7e      Max payload response
08:53:22.765 RX 06 00                        link ACK
08:53:25.811 TX 08 01 00 02 0e 01 e2 58      Outside comm status: good
08:53:25.818 RX 06 00                        link ACK
08:53:26.027 RX 08 01 00 02 03 0e e9 4f      app ACK of opcode 0x0E
08:53:26.107 TX 06 00                        link reply
08:53:26.838 TX 08 01 00 02 12 00 d8 5f      Query operational state
08:53:26.858 RX 06 00                        link ACK
08:53:27.065 RX 08 01 00 02 13 01 d3 62      operational state 1 (Running Normal)
08:53:27.151 TX 06 00                        link reply
08:53:27.884 TX 08 02 00 02 06 00 f6 4c      GetCommodityRead
08:53:27.897 RX 06 00                        link ACK
08:53:28.121 RX 08 02 00 2a 06 80 00 00 00 00 00 00 00 f2 00 00 00 00 00 00 06 00 00 00 00 00 00 00 00 00 00 2e eb 07 00 00 00 00 00 00 00 00 00 00 0c 9c 21 b6 GetCommodityRead reply: electricity consumed (W, Wh)=rate=242 cumulative=0 (estimated), total energy storage capacity (Wh)=rate=0 cumulative=12011 (estimated), present energy storage capacity (Wh)=rate=0 cumulative=3228 (estimated)
08:53:28.197 TX 06 00                        link reply
08:53:35.810 RX 08 01 00 00 7e cd            supported query 08 01
08:53:35.901 TX 06 00                        link reply
08:53:36.114 RX 08 02 00 00 7a d0            supported query 08 02
08:53:36.197 TX 06 00                        link reply
08:53:36.418 RX 08 03 00 00 76 d3            supported query 08 03
08:53:36.504 TX 06 00                        link reply
08:53:36.721 RX 08 03 00 02 18 00 ba 75      max payload query
08:53:36.804 TX 06 00                        link reply
08:53:37.798 TX 08 03 00 02 19 07 a9 7e      Max payload response
08:53:37.808 RX 06 00                        link ACK
08:53:40.817 TX 08 01 00 02 0e 01 e2 58      Outside comm status: good
08:53:40.831 RX 06 00                        link ACK
08:53:41.037 RX 08 01 00 02 03 0e e9 4f      app ACK of opcode 0x0E
08:53:41.131 TX 06 00                        link reply
08:53:41.855 TX 08 01 00 02 12 00 d8 5f      Query operational state
08:53:41.868 RX 06 00                        link ACK
08:53:42.076 RX 08 01 00 02 13 01 d3 62      operational state 1 (Running Normal)
08:53:42.167 TX 06 00                        link reply
08:53:42.886 TX 08 02 00 02 06 00 f6 4c      GetCommodityRead
08:53:42.907 RX 06 00                        link ACK
08:53:43.131 RX 08 02 00 2a 06 80 00 00 00 00 00 00 00 f2 00 00 00 00 00 00 06 00 00 00 00 00 00 00 00 00 00 2e eb 07 00 00 00 00 00 00 00 00 00 00 0c 78 69 92 GetCommodityRead reply: electricity consumed (W, Wh)=rate=242 cumulative=0 (estimated), total energy storage capacity (Wh)=rate=0 cumulative=12011 (estimated), present energy storage capacity (Wh)=rate=0 cumulative=3192 (estimated)
08:53:43.212 TX 06 00                        link reply
08:53:50.836 RX 08 01 00 00 7e cd            supported query 08 01
08:53:50.918 TX 06 00                        link reply
08:53:51.140 RX 08 02 00 00 7a d0            supported query 08 02
08:53:51.230 TX 06 00                        link reply
08:53:51.444 RX 08 03 00 00 76 d3            supported query 08 03
08:53:51.535 TX 06 00                        link reply
08:53:51.747 RX 08 03 00 02 18 00 ba 75      max payload query
08:53:51.831 TX 06 00                        link reply
08:53:52.828 TX 08 03 00 02 19 07 a9 7e      Max payload response
08:53:52.850 RX 06 00                        link ACK
08:53:55.827 TX 08 01 00 02 0e 01 e2 58      Outside comm status: good
08:53:55.840 RX 06 00                        link ACK
08:53:56.049 RX 08 01 00 02 03 0e e9 4f      app ACK of opcode 0x0E
08:53:56.138 TX 06 00                        link reply
08:53:56.874 TX 08 01 00 02 12 00 d8 5f      Query operational state
08:53:56.895 RX 06 00                        link ACK
08:53:57.087 RX 08 01 00 02 13 01 d3 62      operational state 1 (Running Normal)
08:53:57.167 TX 06 00                        link reply
08:53:57.917 TX 08 02 00 02 06 00 f6 4c      GetCommodityRead
08:53:57.934 RX 06 00                        link ACK
08:53:58.158 RX 08 02 00 2a 06 80 00 00 00 00 00 00 00 f2 00 00 00 00 00 00 06 00 00 00 00 00 00 00 00 00 00 2e eb 07 00 00 00 00 00 00 00 00 00 00 0c 9c 21 b6 GetCommodityRead reply: electricity consumed (W, Wh)=rate=242 cumulative=0 (estimated), total energy storage capacity (Wh)=rate=0 cumulative=12011 (estimated), present energy storage capacity (Wh)=rate=0 cumulative=3228 (estimated)
08:53:58.240 TX 06 00                        link reply
08:54:05.863 RX 08 01 00 00 7e cd            supported query 08 01
08:54:05.949 TX 06 00                        link reply
08:54:06.167 RX 08 02 00 00 7a d0            supported query 08 02
08:54:06.243 TX 06 00                        link reply
08:54:06.455 RX 08 03 00 00 76 d3            supported query 08 03
08:54:06.539 TX 06 00                        link reply
08:54:06.759 RX 08 03 00 02 18 00 ba 75      max payload query
08:54:06.835 TX 06 00                        link reply
08:54:07.851 TX 08 03 00 02 19 07 a9 7e      Max payload response
08:54:07.861 RX 06 00                        link ACK
08:54:10.838 TX 08 01 00 02 0e 01 e2 58      Outside comm status: good
08:54:10.856 RX 06 00                        link ACK
08:54:11.059 RX 08 01 00 02 03 0e e9 4f      app ACK of opcode 0x0E
08:54:11.144 TX 06 00                        link reply
08:54:11.874 TX 08 01 00 02 12 00 d8 5f      Query operational state
08:54:11.890 RX 06 00                        link ACK
08:54:12.098 RX 08 01 00 02 13 01 d3 62      operational state 1 (Running Normal)
08:54:12.185 TX 06 00                        link reply
08:54:12.919 TX 08 02 00 02 06 00 f6 4c      GetCommodityRead
08:54:12.929 RX 06 00                        link ACK
08:54:13.169 RX 08 02 00 2a 06 80 00 00 00 00 00 00 00 f2 00 00 00 00 00 00 06 00 00 00 00 00 00 00 00 00 00 2e eb 07 00 00 00 00 00 00 00 00 00 00 0c 9c 21 b6 GetCommodityRead reply: electricity consumed (W, Wh)=rate=242 cumulative=0 (estimated), total energy storage capacity (Wh)=rate=0 cumulative=12011 (estimated), present energy storage capacity (Wh)=rate=0 cumulative=3228 (estimated)
08:54:13.249 TX 06 00                        link reply
08:54:20.892 RX 08 01 00 00 7e cd            supported query 08 01
08:54:20.984 TX 06 00                        link reply
08:54:21.194 RX 08 02 00 00 7a d0            supported query 08 02
08:54:21.282 TX 06 00                        link reply
08:54:21.498 RX 08 03 00 00 76 d3            supported query 08 03
08:54:21.577 TX 06 00                        link reply
08:54:21.803 RX 08 03 00 02 18 00 ba 75      max payload query
08:54:21.889 TX 06 00                        link reply
08:54:22.888 TX 08 03 00 02 19 07 a9 7e      Max payload response
08:54:22.904 RX 06 00                        link ACK
08:54:25.837 TX 08 01 00 02 0e 01 e2 58      Outside comm status: good
08:54:25.846 RX 06 00                        link ACK
08:54:26.054 RX 08 01 00 02 03 0e e9 4f      app ACK of opcode 0x0E
08:54:26.136 TX 06 00                        link reply
08:54:26.865 TX 08 01 00 02 12 00 d8 5f      Query operational state
08:54:26.885 RX 06 00                        link ACK
08:54:27.093 RX 08 01 00 02 13 01 d3 62      operational state 1 (Running Normal)
08:54:27.179 TX 06 00                        link reply
08:54:27.912 TX 08 02 00 02 06 00 f6 4c      GetCommodityRead
08:54:27.924 RX 06 00                        link ACK
08:54:28.148 RX 08 02 00 2a 06 80 00 00 00 00 00 00 00 f2 00 00 00 00 00 00 06 00 00 00 00 00 00 00 00 00 00 2e eb 07 00 00 00 00 00 00 00 00 00 00 0c 66 8d 80 GetCommodityRead reply: electricity consumed (W, Wh)=rate=242 cumulative=0 (estimated), total energy storage capacity (Wh)=rate=0 cumulative=12011 (estimated), present energy storage capacity (Wh)=rate=0 cumulative=3174 (estimated)
08:54:28.238 TX 06 00                        link reply
08:54:35.917 RX 08 01 00 00 7e cd            supported query 08 01
08:54:35.995 TX 06 00                        link reply
08:54:36.205 RX 08 02 00 00 7a d0            supported query 08 02
08:54:36.289 TX 06 00                        link reply
08:54:36.509 RX 08 03 00 00 76 d3            supported query 08 03
08:54:36.599 TX 06 00                        link reply
08:54:36.812 RX 08 03 00 02 18 00 ba 75      max payload query
08:54:36.892 TX 06 00                        link reply
08:54:37.891 TX 08 03 00 02 19 07 a9 7e      Max payload response
08:54:37.899 RX 06 00                        link ACK
08:54:40.846 TX 08 01 00 02 0e 01 e2 58      Outside comm status: good
08:54:40.856 RX 06 00                        link ACK
08:54:41.064 RX 08 01 00 02 03 0e e9 4f      app ACK of opcode 0x0E
08:54:41.146 TX 06 00                        link reply
08:54:41.874 TX 08 01 00 02 12 00 d8 5f      Query operational state
08:54:41.896 RX 06 00                        link ACK
08:54:42.087 RX 08 01 00 02 13 01 d3 62      operational state 1 (Running Normal)
08:54:42.171 TX 06 00                        link reply
08:54:42.918 TX 08 02 00 02 06 00 f6 4c      GetCommodityRead
08:54:42.935 RX 06 00                        link ACK
08:54:43.158 RX 08 02 00 2a 06 80 00 00 00 00 00 00 00 f2 00 00 00 00 00 00 06 00 00 00 00 00 00 00 00 00 00 2e eb 07 00 00 00 00 00 00 00 00 00 00 0c 54 b1 6e GetCommodityRead reply: electricity consumed (W, Wh)=rate=242 cumulative=0 (estimated), total energy storage capacity (Wh)=rate=0 cumulative=12011 (estimated), present energy storage capacity (Wh)=rate=0 cumulative=3156 (estimated)
08:54:43.247 TX 06 00                        link reply
08:54:50.959 RX 08 01 00 00 7e cd            supported query 08 01
08:54:51.045 TX 06 00                        link reply
08:54:51.263 RX 08 02 00 00 7a d0            supported query 08 02
08:54:51.343 TX 06 00                        link reply
08:54:51.567 RX 08 03 00 00 76 d3            supported query 08 03
08:54:51.655 TX 06 00                        link reply
08:54:51.871 RX 08 03 00 02 18 00 ba 75      max payload query
08:54:51.952 TX 06 00                        link reply
08:54:52.965 TX 08 03 00 02 19 07 a9 7e      Max payload response
08:54:52.974 RX 06 00                        link ACK
08:54:55.861 TX 08 01 00 02 0e 01 e2 58      Outside comm status: good
08:54:55.884 RX 06 00                        link ACK
08:54:56.075 RX 08 01 00 02 03 0e e9 4f      app ACK of opcode 0x0E
08:54:56.157 TX 06 00                        link reply
08:54:56.904 TX 08 01 00 02 12 00 d8 5f      Query operational state
08:54:56.922 RX 06 00                        link ACK
08:54:57.130 RX 08 01 00 02 13 01 d3 62      operational state 1 (Running Normal)
08:54:57.214 TX 06 00                        link reply
08:54:57.946 TX 08 02 00 02 06 00 f6 4c      GetCommodityRead
08:54:57.962 RX 06 00                        link ACK
08:54:58.187 RX 08 02 00 2a 06 80 00 00 00 00 00 00 00 f2 00 00 00 00 00 00 06 00 00 00 00 00 00 00 00 00 00 2e eb 07 00 00 00 00 00 00 00 00 00 00 0c 30 f9 4a GetCommodityRead reply: electricity consumed (W, Wh)=rate=242 cumulative=0 (estimated), total energy storage capacity (Wh)=rate=0 cumulative=12011 (estimated), present energy storage capacity (Wh)=rate=0 cumulative=3120 (estimated)
08:54:58.273 TX 06 00                        link reply
08:55:05.986 RX 08 01 00 00 7e cd            supported query 08 01
08:55:06.066 TX 06 00                        link reply
08:55:06.290 RX 08 02 00 00 7a d0            supported query 08 02
08:55:06.375 TX 06 00                        link reply
08:55:06.594 RX 08 03 00 00 76 d3            supported query 08 03
08:55:06.685 TX 06 00                        link reply
08:55:06.898 RX 08 03 00 02 18 00 ba 75      max payload query
08:55:06.981 TX 06 00                        link reply
08:55:07.976 TX 08 03 00 02 19 07 a9 7e      Max payload response
08:55:07.984 RX 06 00                        link ACK
08:55:10.882 TX 08 01 00 02 0e 01 e2 58      Outside comm status: good
08:55:10.895 RX 06 00                        link ACK
08:55:11.102 RX 08 01 00 02 03 0e e9 4f      app ACK of opcode 0x0E
08:55:11.178 TX 06 00                        link reply
08:55:11.924 TX 08 01 00 02 12 00 d8 5f      Query operational state
08:55:11.933 RX 06 00                        link ACK
08:55:12.141 RX 08 01 00 02 13 01 d3 62      operational state 1 (Running Normal)
08:55:12.222 TX 06 00                        link reply
08:55:12.964 TX 08 02 00 02 06 00 f6 4c      GetCommodityRead
08:55:12.972 RX 06 00                        link ACK
08:55:13.212 RX 08 02 00 2a 06 80 00 00 00 00 00 00 00 f2 00 00 00 00 00 00 06 00 00 00 00 00 00 00 00 00 00 2e eb 07 00 00 00 00 00 00 00 00 00 00 0c 42 d5 5c GetCommodityRead reply: electricity consumed (W, Wh)=rate=242 cumulative=0 (estimated), total energy storage capacity (Wh)=rate=0 cumulative=12011 (estimated), present energy storage capacity (Wh)=rate=0 cumulative=3138 (estimated)
08:55:13.290 TX 06 00                        link reply
08:55:21.013 RX 08 01 00 00 7e cd            supported query 08 01
08:55:21.095 TX 06 00                        link reply
08:55:21.317 RX 08 02 00 00 7a d0            supported query 08 02
08:55:21.407 TX 06 00                        link reply
08:55:21.620 RX 08 03 00 00 76 d3            supported query 08 03
08:55:21.704 TX 06 00                        link reply
08:55:21.924 RX 08 03 00 02 18 00 ba 75      max payload query
08:55:22.015 TX 06 00                        link reply
08:55:23.009 TX 08 03 00 02 19 07 a9 7e      Max payload response
08:55:23.027 RX 06 00                        link ACK
08:55:25.872 TX 08 01 00 02 0e 01 e2 58      Outside comm status: good
08:55:25.888 RX 06 00                        link ACK
08:55:26.097 RX 08 01 00 02 03 0e e9 4f      app ACK of opcode 0x0E
08:55:26.182 TX 06 00                        link reply
08:55:26.911 TX 08 01 00 02 12 00 d8 5f      Query operational state
08:55:26.939 RX 06 00                        link ACK
08:55:27.136 RX 08 01 00 02 13 01 d3 62      operational state 1 (Running Normal)
08:55:27.220 TX 06 00                        link reply
08:55:27.971 TX 08 02 00 02 06 00 f6 4c      GetCommodityRead
08:55:27.983 RX 06 00                        link ACK
08:55:28.206 RX 08 02 00 2a 06 80 00 00 00 00 00 00 00 f2 00 00 00 00 00 00 06 00 00 00 00 00 00 00 00 00 00 2e eb 07 00 00 00 00 00 00 00 00 00 00 0c 30 f9 4a GetCommodityRead reply: electricity consumed (W, Wh)=rate=242 cumulative=0 (estimated), total energy storage capacity (Wh)=rate=0 cumulative=12011 (estimated), present energy storage capacity (Wh)=rate=0 cumulative=3120 (estimated)
08:55:28.297 TX 06 00                        link reply
08:55:36.040 RX 08 01 00 00 7e cd            supported query 08 01
08:55:36.123 TX 06 00                        link reply
08:55:36.343 RX 08 02 00 00 7a d0            supported query 08 02
08:55:36.433 TX 06 00                        link reply
08:55:36.647 RX 08 03 00 00 76 d3            supported query 08 03
08:55:36.729 TX 06 00                        link reply
08:55:36.951 RX 08 03 00 02 18 00 ba 75      max payload query
08:55:37.039 TX 06 00                        link reply
08:55:38.037 TX 08 03 00 02 19 07 a9 7e      Max payload response
08:55:38.054 RX 06 00                        link ACK
08:55:40.878 TX 08 01 00 02 0e 01 e2 58      Outside comm status: good
08:55:40.899 RX 06 00                        link ACK
08:55:41.091 RX 08 01 00 02 03 0e e9 4f      app ACK of opcode 0x0E
08:55:41.175 TX 06 00                        link reply
08:55:41.918 TX 08 01 00 02 12 00 d8 5f      Query operational state
08:55:41.938 RX 06 00                        link ACK
08:55:42.130 RX 08 01 00 02 13 01 d3 62      operational state 1 (Running Normal)
08:55:42.215 TX 06 00                        link reply
08:55:42.962 TX 08 02 00 02 06 00 f6 4c      GetCommodityRead
08:55:42.978 RX 06 00                        link ACK
08:55:43.202 RX 08 02 00 2a 06 80 00 00 00 00 00 00 00 f2 00 00 00 00 00 00 06 00 00 00 00 00 00 00 00 00 00 2e eb 07 00 00 00 00 00 00 00 00 00 00 0c 30 f9 4a GetCommodityRead reply: electricity consumed (W, Wh)=rate=242 cumulative=0 (estimated), total energy storage capacity (Wh)=rate=0 cumulative=12011 (estimated), present energy storage capacity (Wh)=rate=0 cumulative=3120 (estimated)
08:55:43.290 TX 06 00                        link reply
08:55:51.082 RX 08 01 00 00 7e cd            supported query 08 01
08:55:51.156 TX 06 00                        link reply
08:55:51.370 RX 08 02 00 00 7a d0            supported query 08 02
08:55:51.453 TX 06 00                        link reply
08:55:51.674 RX 08 03 00 00 76 d3            supported query 08 03
08:55:51.764 TX 06 00                        link reply
08:55:51.978 RX 08 03 00 02 18 00 ba 75      max payload query
08:55:52.059 TX 06 00                        link reply
08:55:53.056 TX 08 03 00 02 19 07 a9 7e      Max payload response
08:55:53.065 RX 06 00                        link ACK
08:55:55.892 TX 08 01 00 02 0e 01 e2 58      Outside comm status: good
08:55:55.910 RX 06 00                        link ACK
08:55:56.118 RX 08 01 00 02 03 0e e9 4f      app ACK of opcode 0x0E
08:55:56.203 TX 06 00                        link reply
08:55:56.939 TX 08 01 00 02 12 00 d8 5f      Query operational state
08:55:56.950 RX 06 00                        link ACK
08:55:57.157 RX 08 01 00 02 13 01 d3 62      operational state 1 (Running Normal)
08:55:57.234 TX 06 00                        link reply
08:55:57.968 TX 08 02 00 02 06 00 f6 4c      GetCommodityRead
08:55:57.989 RX 06 00                        link ACK
08:55:58.213 RX 08 02 00 2a 06 80 00 00 00 00 00 00 00 f2 00 00 00 00 00 00 06 00 00 00 00 00 00 00 00 00 00 2e eb 07 00 00 00 00 00 00 00 00 00 00 0c 0c 42 26 GetCommodityRead reply: electricity consumed (W, Wh)=rate=242 cumulative=0 (estimated), total energy storage capacity (Wh)=rate=0 cumulative=12011 (estimated), present energy storage capacity (Wh)=rate=0 cumulative=3084 (estimated)
08:55:58.295 TX 06 00                        link reply
08:56:06.110 RX 08 01 00 00 7e cd            supported query 08 01
08:56:06.191 TX 06 00                        link reply
08:56:06.414 RX 08 02 00 00 7a d0            supported query 08 02
08:56:06.502 TX 06 00                        link reply
08:56:06.717 RX 08 03 00 00 76 d3            supported query 08 03
08:56:06.798 TX 06 00                        link reply
08:56:07.021 RX 08 03 00 02 18 00 ba 75      max payload query
08:56:07.110 TX 06 00                        link reply
08:56:08.106 TX 08 03 00 02 19 07 a9 7e      Max payload response
08:56:08.123 RX 06 00                        link ACK
08:56:10.893 TX 08 01 00 02 0e 01 e2 58      Outside comm status: good
08:56:10.906 RX 06 00                        link ACK
08:56:11.113 RX 08 01 00 02 03 0e e9 4f      app ACK of opcode 0x0E
08:56:11.207 TX 06 00                        link reply
08:56:11.937 TX 08 01 00 02 12 00 d8 5f      Query operational state
08:56:11.960 RX 06 00                        link ACK
08:56:12.152 RX 08 01 00 02 13 01 d3 62      operational state 1 (Running Normal)
08:56:12.233 TX 06 00                        link reply
08:56:12.970 TX 08 02 00 02 06 00 f6 4c      GetCommodityRead
08:56:12.984 RX 06 00                        link ACK
08:56:13.207 RX 08 02 00 2a 06 80 00 00 00 00 00 00 00 f2 00 00 00 00 00 00 06 00 00 00 00 00 00 00 00 00 00 2e eb 07 00 00 00 00 00 00 00 00 00 00 0c 1e 1e 38 GetCommodityRead reply: electricity consumed (W, Wh)=rate=242 cumulative=0 (estimated), total energy storage capacity (Wh)=rate=0 cumulative=12011 (estimated), present energy storage capacity (Wh)=rate=0 cumulative=3102 (estimated)
08:56:13.293 TX 06 00                        link reply
08:56:21.136 RX 08 01 00 00 7e cd            supported query 08 01
08:56:21.229 TX 06 00                        link reply
08:56:21.440 RX 08 02 00 00 7a d0            supported query 08 02
08:56:21.526 TX 06 00                        link reply
08:56:21.744 RX 08 03 00 00 76 d3            supported query 08 03
08:56:21.822 TX 06 00                        link reply
08:56:22.047 RX 08 03 00 02 18 00 ba 75      max payload query
08:56:22.132 TX 06 00                        link reply
08:56:23.133 TX 08 03 00 02 19 07 a9 7e      Max payload response
08:56:23.150 RX 06 00                        link ACK
08:56:25.899 TX 08 01 00 02 0e 01 e2 58      Outside comm status: good
08:56:25.916 RX 06 00                        link ACK
08:56:26.124 RX 08 01 00 02 03 0e e9 4f      app ACK of opcode 0x0E
08:56:26.209 TX 06 00                        link reply
08:56:26.943 TX 08 01 00 02 12 00 d8 5f      Query operational state
08:56:26.955 RX 06 00                        link ACK
08:56:27.163 RX 08 01 00 02 13 01 d3 62      operational state 1 (Running Normal)
08:56:27.241 TX 06 00                        link reply
08:56:27.972 TX 08 02 00 02 06 00 f6 4c      GetCommodityRead
08:56:27.994 RX 06 00                        link ACK
08:56:28.218 RX 08 02 00 2a 06 80 00 00 00 00 00 00 00 f2 00 00 00 00 00 00 06 00 00 00 00 00 00 00 00 00 00 2e eb 07 00 00 00 00 00 00 00 00 00 00 0c 1e 1e 38 GetCommodityRead reply: electricity consumed (W, Wh)=rate=242 cumulative=0 (estimated), total energy storage capacity (Wh)=rate=0 cumulative=12011 (estimated), present energy storage capacity (Wh)=rate=0 cumulative=3102 (estimated)
08:56:28.300 TX 06 00                        link reply
08:56:36.164 RX 08 01 00 00 7e cd            supported query 08 01
08:56:36.249 TX 06 00                        link reply
08:56:36.467 RX 08 02 00 00 7a d0            supported query 08 02
08:56:36.544 TX 06 00                        link reply
08:56:36.754 RX 08 03 00 00 76 d3            supported query 08 03
08:56:36.837 TX 06 00                        link reply
08:56:37.058 RX 08 03 00 02 18 00 ba 75      max payload query
08:56:37.136 TX 06 00                        link reply
08:56:38.150 TX 08 03 00 02 19 07 a9 7e      Max payload response
08:56:38.161 RX 06 00                        link ACK
08:56:40.903 TX 08 01 00 02 0e 01 e2 58      Outside comm status: good
08:56:40.927 RX 06 00                        link ACK
08:56:41.119 RX 08 01 00 02 03 0e e9 4f      app ACK of opcode 0x0E
08:56:41.196 TX 06 00                        link reply
08:56:41.946 TX 08 01 00 02 12 00 d8 5f      Query operational state
08:56:41.966 RX 06 00                        link ACK
08:56:42.173 RX 08 01 00 02 13 01 d3 62      operational state 1 (Running Normal)
08:56:42.242 TX 06 00                        link reply
08:56:42.991 TX 08 02 00 02 06 00 f6 4c      GetCommodityRead
08:56:43.005 RX 06 00                        link ACK
08:56:43.229 RX 08 02 00 2a 06 80 00 00 00 00 00 00 00 f2 00 00 00 00 00 00 06 00 00 00 00 00 00 00 00 00 00 2e eb 07 00 00 00 00 00 00 00 00 00 00 0c 0c 42 26 GetCommodityRead reply: electricity consumed (W, Wh)=rate=242 cumulative=0 (estimated), total energy storage capacity (Wh)=rate=0 cumulative=12011 (estimated), present energy storage capacity (Wh)=rate=0 cumulative=3084 (estimated)
08:56:43.318 TX 06 00                        link reply
08:56:51.190 RX 08 01 00 00 7e cd            supported query 08 01
08:56:51.278 TX 06 00                        link reply
08:56:51.494 RX 08 02 00 00 7a d0            supported query 08 02
08:56:51.575 TX 06 00                        link reply
08:56:51.797 RX 08 03 00 00 76 d3            supported query 08 03
08:56:51.885 TX 06 00                        link reply
08:56:52.102 RX 08 03 00 02 18 00 ba 75      max payload query
08:56:52.180 TX 06 00                        link reply
08:56:53.182 TX 08 03 00 02 19 07 a9 7e      Max payload response
08:56:53.204 RX 06 00                        link ACK
08:56:55.907 TX 08 01 00 02 0e 01 e2 58      Outside comm status: good
08:56:55.922 RX 06 00                        link ACK
08:56:56.129 RX 08 01 00 02 03 0e e9 4f      app ACK of opcode 0x0E
08:56:56.206 TX 06 00                        link reply
08:56:56.952 TX 08 01 00 02 12 00 d8 5f      Query operational state
08:56:56.961 RX 06 00                        link ACK
08:56:57.169 RX 08 01 00 02 13 01 d3 62      operational state 1 (Running Normal)
08:56:57.262 TX 06 00                        link reply
08:56:57.977 TX 08 02 00 02 06 00 f6 4c      GetCommodityRead
08:56:58.000 RX 06 00                        link ACK
08:56:58.224 RX 08 02 00 2a 06 80 00 00 00 00 00 00 00 f2 00 00 00 00 00 00 06 00 00 00 00 00 00 00 00 00 00 2e eb 07 00 00 00 00 00 00 00 00 00 00 0c 1e 1e 38 GetCommodityRead reply: electricity consumed (W, Wh)=rate=242 cumulative=0 (estimated), total energy storage capacity (Wh)=rate=0 cumulative=12011 (estimated), present energy storage capacity (Wh)=rate=0 cumulative=3102 (estimated)
08:56:58.306 TX 06 00                        link reply
08:57:06.233 RX 08 01 00 00 7e cd            supported query 08 01
08:57:06.311 TX 06 00                        link reply
08:57:06.521 RX 08 02 00 00 7a d0            supported query 08 02
08:57:06.605 TX 06 00                        link reply
08:57:06.824 RX 08 03 00 00 76 d3            supported query 08 03
08:57:06.900 TX 06 00                        link reply
08:57:07.114 RX 08 03 00 02 18 00 ba 75      max payload query
08:57:07.198 TX 06 00                        link reply
08:57:08.197 TX 08 03 00 02 19 07 a9 7e      Max payload response
08:57:08.215 RX 06 00                        link ACK
08:57:10.923 TX 08 01 00 02 0e 01 e2 58      Outside comm status: good
08:57:10.933 RX 06 00                        link ACK
08:57:11.142 RX 08 01 00 02 03 0e e9 4f      app ACK of opcode 0x0E
08:57:11.219 TX 06 00                        link reply
08:57:11.950 TX 08 01 00 02 12 00 d8 5f      Query operational state
08:57:11.972 RX 06 00                        link ACK
08:57:12.164 RX 08 01 00 02 13 01 d3 62      operational state 1 (Running Normal)
08:57:12.246 TX 06 00                        link reply
08:57:12.994 TX 08 02 00 02 06 00 f6 4c      GetCommodityRead
08:57:13.011 RX 06 00                        link ACK
08:57:13.236 RX 08 02 00 2a 06 80 00 00 00 00 00 00 00 f2 00 00 00 00 00 00 06 00 00 00 00 00 00 00 00 00 00 2e eb 07 00 00 00 00 00 00 00 00 00 00 0b fa 67 13 GetCommodityRead reply: electricity consumed (W, Wh)=rate=242 cumulative=0 (estimated), total energy storage capacity (Wh)=rate=0 cumulative=12011 (estimated), present energy storage capacity (Wh)=rate=0 cumulative=3066 (estimated)
08:57:13.318 TX 06 00                        link reply
08:57:21.261 RX 08 01 00 00 7e cd            supported query 08 01
08:57:21.339 TX 06 00                        link reply
08:57:21.564 RX 08 02 00 00 7a d0            supported query 08 02
08:57:21.650 TX 06 00                        link reply
08:57:21.867 RX 08 03 00 00 76 d3            supported query 08 03
08:57:21.958 TX 06 00                        link reply
08:57:22.171 RX 08 03 00 02 18 00 ba 75      max payload query
08:57:22.257 TX 06 00                        link reply
08:57:23.252 TX 08 03 00 02 19 07 a9 7e      Max payload response
08:57:23.274 RX 06 00                        link ACK
08:57:24.948 Stats: {'rx_packets': 1324, 'tx_packets': 1324, 'acked': 484, 'unanswered': 0}
